,date,min,max,sum,std,var,mean,median,percentile_75,percentile_25,count
0,2021-06-01,0.0,8007651.517615517,1751659615.914727,141649.59619285612,20064608101.599197,35075.28265748352,1564.1612379894125,8914.13516599294,269.6749920523495,49940
1,2021-06-02,0.0,16849531.94126508,804773586.5941416,153228.71635757678,23479039516.590714,25281.110375840846,1342.518070487008,6817.65046235964,271.8075738769605,31833
2,2021-06-03,0.0,5434680.61699321,1021700063.8463012,116593.02035795225,13593932396.189869,29165.59800880081,1770.5247309901615,9175.334582671447,288.9005470960306,35031
3,2021-06-04,0.0,7923600.81776598,849766760.7721529,138547.08183720926,19195293885.606358,27152.567764958872,1778.1961004840664,8237.954013454493,287.9288342299767,31296
4,2021-06-05,0.0,3488883.263952165,777626943.4993966,113584.27742931613,12901388079.139856,25552.09619490016,1446.2012545539858,7469.966618976306,237.516243745562,30433
5,2021-06-06,0.0,3485470.508786466,547673853.3094288,91862.84022345566,8438781413.920143,18221.781118892362,1078.4598867832442,5184.656853054743,192.4211556455436,30056
6,2021-06-07,0.0,5133968.505579047,1094703479.1385252,116396.3616350814,13548113001.884647,26304.870221513967,2122.3561915908804,9982.664478483155,398.19838536778695,41616
7,2021-06-08,0.0,6500546.511176984,1273648523.6005466,117382.47109781341,13778644521.029,29412.47774058487,2523.887339827491,13260.314913404873,497.39421518165324,43303
8,2021-06-09,0.0,5833179.194666155,1077594990.9201915,120982.4363793433,14636749912.281849,28900.793620130655,2453.9438997802326,13064.426169297125,411.9906552096578,37286
9,2021-06-10,0.0,4405853.8943722,956622995.6716306,101003.88440654715,10201784665.21114,22276.057089969043,1996.8950817480563,9970.056153715168,349.9231122290339,42944
10,2021-06-11,0.0,4423961.786810194,886629888.0250694,82925.8935087968,6876703814.232307,19331.295934265112,2219.0334659652626,10943.181128657829,410.9817283031456,45865
11,2021-06-12,0.0,2270729.128466264,666668330.3433489,67896.22869665566,4609897871.228567,18002.007138048466,1884.2138449985457,10396.677147693648,284.2220079263194,37033
12,2021-06-13,0.0,13225395.003986036,812910006.0636079,120045.58967195234,14410943599.68675,21150.80413341333,1963.5153231862473,10251.613538561807,283.7443801768502,38434
13,2021-06-14,0.0,8497877.031321066,866571070.5223277,113344.38329255863,12846949223.970446,21294.811778697785,2000.5366077695448,10480.36451903519,311.6244233499758,40694
14,2021-06-15,0.0,3799784.905252823,720239381.4673129,68660.98881802324,4714331385.468713,15849.292112477453,1194.931363159261,6983.100413150676,200.00115843354368,45443
15,2021-06-16,0.0,4288605.846542543,776516508.4175112,77005.3460298061,5929823317.170174,17314.020567181236,1464.1403183681466,8161.161903684214,239.13960189850192,44849
16,2021-06-17,0.0,6291818.679507987,714133500.8026935,89166.6904876157,7950698692.514258,17835.947471282838,1785.7956108381593,9154.9499554257,256.0730377673679,40039
17,2021-06-18,0.0,5503902.435273434,976887395.8552207,94809.37130319158,8988816886.906448,22264.73233328518,2375.0287767059626,14482.90996778173,401.5834055065311,43876
18,2021-06-19,0.0,3144223.4800373577,550592481.3428794,62634.04001688546,3923022968.836809,15671.215385179012,1499.5115946961287,9281.452012260965,235.50609650544874,35134
19,2021-06-20,0.0,12053568.108604616,1200921128.7050214,136914.39801301228,18745552383.265545,25994.526476872255,2625.9140487628697,16153.84622916914,446.86389039942765,46199
20,2021-06-21,0.0,6054562.398593097,1457280603.3116221,97063.4888329768,9421320864.429413,27999.31990915177,4287.397283703125,23152.551664958366,781.968830576986,52047
21,2021-06-22,0.0,4964980.751722504,1474226392.6734974,90204.15361391388,8136789329.202572,29907.418754660852,5001.670841025573,25084.62828410357,903.2321682811952,49293
22,2021-06-23,0.0,19991195.32202047,812208892.9752047,149633.38604736637,22390150220.00017,18747.75276354834,2004.530086,12804.216208527747,367.0704642145606,43323
23,2021-06-24,0.0,3595371.441535383,701222313.7090893,70857.80170637087,5020828062.659374,17422.10523762303,1802.4200948483085,11030.519867536774,299.9514411099783,40249
24,2021-06-25,0.0,2311091.415625485,891041255.1043577,57201.10846206503,3271966809.288927,20065.333283139094,2675.185709823919,16449.35510158371,401.2682633711769,44407
25,2021-06-26,0.0,3125171.576811791,910484374.7856246,60538.1314485497,3664865359.281882,19280.936317513544,2121.9830981974155,13970.202438788889,346.2688802507555,47222
26,2021-06-27,0.0,4080038.532865036,798743824.1445934,74275.28024222357,5516817255.060847,18385.172612374114,1786.138858868116,10181.359240193577,271.55968949988835,43445
27,2021-06-28,0.0,4480872.176975163,1137612475.1824553,81011.44299120131,6562853895.516662,23376.399366741094,2235.9927070906783,14520.081186472798,382.851464,48665
28,2021-06-29,0.0,2952504.561661152,889640741.2135683,61602.55012088673,3794874181.396362,19575.345814103646,2075.8546000559822,11724.168831866988,324.3032086031876,45447
29,2021-06-30,0.0,3311749.572626056,1043895264.7118766,81694.99666679966,6674072480.388408,25220.953484220263,2496.1936072395874,15000.0,400.06289605063876,41390
30,2021-07-01,0.0,2203367.929512189,1711473653.7897596,62981.484418370936,3966667379.5415006,19720.61915274076,1489.3510438080389,10477.922976232074,230.19509917648267,86786
31,2021-07-02,0.0,2540958.8411541395,615305806.0424886,52817.10272747996,2789646340.5251713,14498.935059203746,1071.7138744768397,7000.57317752548,192.16926603075225,42438
32,2021-07-03,0.0,4825776.822342666,680890339.1947739,78518.22650290039,6165111893.1607685,13139.274409887379,838.7918298879778,4861.739484638992,175.20241475904265,51821
33,2021-07-04,0.0,4311763.107813288,700022419.0543448,64211.69853183511,4123142228.3432746,12641.26009560721,987.1255893238972,5440.4007067725815,199.8594755,55376
34,2021-07-05,0.0,5200381.392621676,965023623.7973738,99695.14163293404,9939121265.21078,19267.717356441524,1311.564042054671,8763.748223580982,235.65954617853268,50085
35,2021-07-06,0.0,4767611.836790011,1034553344.2900943,100476.53644658247,10095534376.301414,26779.699324137873,2338.5200346431325,13103.225929040356,484.1253882979094,38632
36,2021-07-07,0.0,8860669.903240925,836092061.0268483,107260.24175692558,11504759461.754122,21047.52947907684,1699.7139711876152,9372.745636101254,397.5433729221071,39724
37,2021-07-08,0.0,5796663.69475984,902810899.4141446,78383.86911539153,6144030937.498831,21290.701335113306,1741.2125147010497,10297.12254027165,358.85713132427884,42404
38,2021-07-09,0.0,21000735.473762337,774419892.3930738,161982.1729394399,26238224350.182613,17108.202456436924,1000.8910412914263,6366.602008683565,228.62729449867126,45266
39,2021-07-10,0.0,7416199.532588924,606782607.6088431,82641.43106319653,6829606128.173065,13771.421611149159,868.7340243296405,5025.114164660658,183.1497847616344,44061
40,2021-07-11,0.0,1691573.718135267,469409338.79685265,43759.03745047236,1914853358.5918422,10164.115341074696,759.678315,4183.183832368643,149.85906119928876,46183
41,2021-07-12,0.0,2611392.6966003925,675490877.6247482,62761.77213779514,3939040041.8765182,15583.336277591257,1414.2799876930103,7255.457127724432,320.5705612173017,43347
42,2021-07-13,0.0,2416969.330410178,1011007678.0513768,57554.321005819205,3312499866.440882,15747.783147217708,1695.6931341390512,8036.047730616692,391.03566914256805,64200
43,2021-07-14,0.0,3257617.567978292,951020464.5539362,66945.90234943939,4481753841.380675,16702.15076490931,1743.8647341566673,8415.85116466033,400.9936823579739,56940
44,2021-07-15,0.0,4507416.260673447,884146365.9708964,62371.63959827854,3890221426.177548,16491.883493516187,1823.459328711342,9312.616700824947,408.9142054706467,53611
45,2021-07-16,0.0,2226960.428943374,720603413.6932228,52929.64751432319,2801547585.990499,14778.576983043946,1599.0792604999594,8195.3840504801,374.79785370396826,48760
46,2021-07-17,0.0,2597551.0706938463,665094566.2615565,53712.98271301823,2885084511.928995,13469.451299395612,1422.349715670562,7742.788022772346,326.6541704908879,49378
47,2021-07-18,0.0,1732946.2120103296,599587416.1820908,49707.260591155034,2470811755.4769945,12957.608458109282,1482.599389481261,7465.982929564969,315.48655431730765,46273
48,2021-07-19,0.0,4794926.041519132,831314572.1744218,66775.38881451677,4458952551.329891,16906.25909408651,2025.1172673004498,9965.800706287611,490.03905662408494,49172
49,2021-07-20,0.0,3943816.8186071655,730832212.9281213,61736.030437559944,3811337454.187328,15739.50020304786,1784.115456970544,8970.621402959528,375.7779984100138,46433
50,2021-07-21,0.0,4997767.01367603,1160448580.4906156,121521.0665749282,14767369621.508135,25711.184040648193,2153.3646850837895,14239.953550631628,460.54025822010846,45134
51,2021-07-22,0.0,7016326.653455156,871202960.8163947,85798.02553885183,7361301186.365471,20216.809245501467,1627.415318068091,9986.380403047206,402.3356919325278,43093
52,2021-07-23,0.0,6351932.931661238,682139183.1684705,74675.42708991726,5576419411.061547,15261.408666542957,1553.5682932417774,7971.834737327887,367.3721714502643,44697
53,2021-07-24,0.0,3539683.0358710056,732468868.085744,74921.27668972587,5613197700.81846,15914.241256805806,1192.9772324153387,6438.462699197707,292.59486295898955,46026
54,2021-07-25,0.0,5393180.477895159,1108442294.541422,91420.15406652511,8357644569.547188,23365.63364618609,2096.753060156127,11060.105921413675,454.772378572878,47439
55,2021-07-26,0.0,3975536.33284336,1664425553.6650746,111880.26668935396,12517194074.480965,31813.631133932387,2549.149608085523,17878.417519179533,545.0650410352795,52318
56,2021-07-27,0.0,3075686.654099924,1271073855.3832579,102159.0265829394,10436466712.37372,30135.94422170937,2726.38936472216,18664.0054232938,576.9735557827123,42178
57,2021-07-28,0.0,3195066.286904587,1050526410.2187656,79860.66361384405,6377725592.8435545,22927.245967236264,2281.9080808770987,12004.170750512065,500.5635710132509,45820
58,2021-07-29,0.0,4163006.412801405,846997819.9582303,76403.56064058523,5837504078.559585,18672.791445287265,2164.133817991855,10513.518164872643,497.26651152855084,45360
59,2021-07-30,0.0,3502702.571632759,1042136706.6207126,88649.60540643122,7858752538.7159605,23241.228961211255,2081.2184916943143,11388.457435521863,499.72221344046477,44840
60,2021-07-31,0.0,2297759.312030359,774334514.2095474,66109.05786205854,4370407531.409004,16866.358401427737,1456.1901577405802,7508.986896084064,355.14810250567524,45910
61,2021-08-01,0.0,4891304.303960025,2193995770.776515,94864.47084532917,8999267828.764309,23545.274524870845,1978.308774,10111.85004728399,456.51624286085985,93182
62,2021-08-02,0.0,3441844.611212292,1171540814.822153,97724.72422994571,9550121725.81894,28161.361862026228,2350.707196989382,12928.878501925528,530.7834120530011,41601
63,2021-08-03,0.0,7002327.084037679,1249196949.9957688,119542.28485338861,14290357867.968706,29858.664579099095,2129.589896826456,12059.641270784923,500.51462925392127,41837
64,2021-08-04,0.0,4142802.394279551,1520429149.2487547,114178.76956580569,13036791419.561356,34786.856779205955,2757.378712492983,16693.255857058095,623.7050737334475,43707
65,2021-08-05,0.0,14944314.908990102,1835131293.1901832,193508.39988165375,37445500824.75801,41872.163122964914,2625.2318571017468,16264.287596343798,559.9550362102907,43827
66,2021-08-06,0.0,13791112.54423148,1285780190.5908022,175296.78130407166,30728961535.567528,30504.144399677403,2403.529344654874,10903.545545982652,575.3107422017183,42151
67,2021-08-07,0.0,4056794.943557965,1781826178.141911,128227.31228946043,16442243616.97881,39742.743858275215,3104.0971819820943,18502.106975069404,758.9276463234739,44834
68,2021-08-08,0.0,3999463.025747133,1596553029.401628,112423.9682009601,12639148626.050488,34853.90943309163,2652.2907465401404,13570.491872884471,619.2441906611402,45807
69,2021-08-09,0.0,19740256.523459125,2083597693.612727,279871.02662331867,78327791543.19035,48888.93905564952,3302.2675402454515,18796.073569733904,801.6720714782298,42619
70,2021-08-10,0.0,4350041.203785855,1406236089.570271,114418.17738761131,13091519316.70289,35661.402621415335,3156.637330641121,15710.718615296828,793.7448213179306,39433
71,2021-08-11,0.0,8197415.320787451,1239090983.0101974,122669.54681463016,15047817715.70674,31623.17798561104,3238.113503887317,14118.627182646422,821.6385617054407,39183
72,2021-08-12,0.0,7473043.415392131,1381586473.2497568,147016.00072027853,21613704467.784943,37389.691030006135,3001.6835297766124,15064.779230197975,673.5783370256579,36951
73,2021-08-13,0.0,4715743.83935112,884408324.1244463,106769.93264947602,11399818517.973644,25999.774345144822,2434.6982290359265,10079.180561364032,632.4335314368825,34016
74,2021-08-14,0.0,2347382.70901841,832437747.3220705,82170.40246501677,6751975041.262834,23008.865566269673,2036.192272405341,9212.26060476439,533.435741456788,36179
75,2021-08-15,0.0,7244331.36931351,1174316903.2555072,144764.52164496118,20956766727.094437,35604.781494618495,2784.0555681274745,12880.094203871944,637.1838968651414,32982
76,2021-08-16,0.0,7358910.361998912,1390631421.0433607,129435.75197215767,16753613888.597918,34623.82783197293,2979.4884092898455,13121.670483022493,705.5142696643069,40164
77,2021-08-17,0.0,10674936.037598848,2058829724.2789366,162089.2371866723,26272920811.757317,42560.667389071335,3347.7261581238713,17402.615522426444,864.1398313417682,48374
78,2021-08-18,0.0,8212197.020241245,1547660351.5613873,135111.01481370474,18254986323.98914,32706.95389930868,2998.060970189605,13201.60020880034,633.4919240039923,47319
79,2021-08-19,0.0,5371222.975435205,1243511970.0503273,112670.09697134484,12694550751.532251,27847.09371963559,2502.083217187878,10788.418828238366,620.8497989222869,44655
80,2021-08-20,0.0,7604274.398977849,1013703030.3923908,101006.49057024182,10202311137.316349,23709.024005809497,2289.3280845501013,9985.19259392775,561.2960601914727,42756
81,2021-08-21,0.0,3299454.8362656487,832386914.4915538,73736.20069322245,5437027292.671178,19977.126130788245,1996.54612569848,9000.645717460842,502.62544591464217,41667
82,2021-08-22,0.0,4575736.890351291,1238018249.3589303,95878.98541384215,9192779843.987757,25247.1296467683,2914.9126055806996,11742.255763715182,652.7006891607765,49036
83,2021-08-23,0.0,7248016.536351917,1256325730.082313,122070.8946101798,14901303310.929626,30697.496214687802,3327.504354652676,13182.605358237339,884.8113564205922,40926
84,2021-08-24,0.0,3204318.375094905,1376585275.95903,117715.77768412727,13857004315.778875,37937.090777683676,4294.625989,19090.24608402846,1025.515676791469,36286
85,2021-08-25,0.0,2324032.829163562,1332380233.7552214,105230.26839671485,11073409386.844645,32704.473091684373,3887.5452410512507,15313.713762844065,1026.526055287402,40740
86,2021-08-26,0.0,3326236.473619616,1175916399.1559396,111927.34947428617,12527731560.33899,37154.93061884861,4001.783575668344,18750.84909040578,1001.1262262942954,31649
87,2021-08-27,0.0,5438766.25211792,898993518.2937199,125617.06246946246,15779646383.456835,34246.0675133793,3662.233739161544,15790.075183318797,981.6148420253037,26251
88,2021-08-28,0.0,5114595.603832801,809674434.2870982,106950.3564840265,11438378752.06035,27045.944292584365,3101.3539020029475,12778.284507812345,764.6154847515339,29937
89,2021-08-29,0.0,2857758.350520945,917695124.472262,96648.49800727848,9340932167.062912,28784.11406035575,3344.42402364968,15941.674380785575,922.8404863602944,31882
90,2021-08-30,0.0,3207657.5869723004,1218036036.328648,125909.80382883798,15853278700.216463,41318.77052575217,4807.7457122904325,22088.552347893004,1111.9207297119437,29479
91,2021-08-31,0.0,7532207.370781135,1875263432.9276447,158602.76194151232,25154836095.47603,56013.12562883135,6747.621107853673,35785.9215663051,1593.7166704955775,33479
92,2021-09-01,0.0,5161353.358602931,3279303949.4732485,160198.0839204772,25663426091.792255,52368.31602480435,5994.6435364114495,26368.04754,1518.5935756116296,62620
93,2021-09-02,0.0,6058313.495823773,1467232523.6342134,163889.5331659833,26859779081.363937,41403.97109332657,5058.313806038374,18865.722166499512,1481.3290835965977,35437
94,2021-09-03,0.0,7370862.2271202495,1468353689.2613208,144123.98600283693,20771723341.345932,43147.53281600073,6827.134323558437,25915.527610783472,1599.3225643681885,34031
95,2021-09-04,0.0,4293638.252803902,1242441287.7804132,119333.73958601605,14240541403.583092,36068.200069103645,4975.665658535327,20011.34523870041,1482.62521105318,34447
96,2021-09-05,0.0,5734826.081709897,1146032562.9305084,121125.9807426397,14671503210.866325,33375.05279662497,4684.638396165414,18695.444734,1316.4400071248538,34338
97,2021-09-06,0.0,2600471.550886595,1251068160.0910497,117234.88521592146,13744018311.59028,35217.5475760345,5008.587069598532,19764.606767043708,1442.1099783361299,35524
98,2021-09-07,0.0,6550150.5942452215,2784248844.6577926,201080.58725741197,40433402571.785675,67521.49495956815,10419.238230000032,48008.65957033014,2759.647794167067,41235
99,2021-09-08,0.0,2784202.85683864,1865085050.3665514,115605.00382922684,13364516910.355555,46820.25983096652,11113.88596814663,41718.36653530393,2994.1553530970514,39835
100,2021-09-09,0.0,3492726.115633123,1276735179.1869605,107976.29150620125,11658879527.432146,37506.90890678497,6443.116920106841,25722.200076635436,1663.489931726873,34040
101,2021-09-10,0.0,2842139.936508976,1454571126.8382847,106401.83332271012,11321350134.433786,37190.84469428766,7415.501633780207,28129.644581030392,1816.9636607893058,39111
102,2021-09-11,0.0,1720858.9007492173,862952660.0112367,82925.72982774266,6876676667.463769,25799.828390673185,3466.4659612306086,15173.82931598462,877.7729428798458,33448
103,2021-09-12,0.0,3070588.077041367,1003363465.481065,98412.85540397388,9685090108.76347,30732.769709662614,4002.043592732576,18601.572700437348,999.7452475724621,32648
104,2021-09-13,0.0,6323763.237659654,1205790676.4617383,117444.05021410798,13793104930.693916,33287.984884237594,4084.141355385909,19056.36423168678,1029.9823434216864,36223
105,2021-09-14,0.0,2161964.3450039783,796279323.3246868,77564.84073712728,6016304518.57592,24307.93465183121,3419.415012576099,15783.955373518891,912.9047219145594,32758
106,2021-09-15,0.0,1932172.139779099,1080586202.1441028,96144.4469949404,9243754687.962904,31049.543191313798,4258.4854634982785,20212.982049991384,1068.227298880604,34802
107,2021-09-16,0.0,11063140.4612805,1167290610.0583303,129830.57373572917,16855977876.548607,31059.00566900807,3809.3816473589386,16477.734302963145,1012.4713516182788,37583
108,2021-09-17,0.0,3092990.8162127454,996420724.7680084,91426.87477652452,8358873431.402295,30552.869247478255,3904.507155794764,19976.37442369438,992.2252169884946,32613
109,2021-09-18,0.0,2057655.6080289984,682941654.5110129,76077.33315923203,5787760620.620787,21849.937756303203,2789.372215108471,10625.327032361187,712.520684290962,31256
110,2021-09-19,0.0,2057910.07739156,1078942930.3293025,102055.86404395463,10415399385.75815,31536.051510516543,3624.457402283545,17205.220671855466,970.041676314626,34213
111,2021-09-20,0.0,7319816.374700686,2368961795.250085,156945.36065875328,24631846232.30614,52656.46703083164,7141.264358831411,35506.78067490716,1788.718624306489,44989
112,2021-09-21,0.0,3294206.834984338,1989697026.7889898,134541.6590335734,18101458015.506325,50998.25776724311,6488.536733596636,36055.615411067,1478.6321982429258,39015
113,2021-09-22,0.0,8410103.650237484,1268696069.1732416,129992.76706927916,16898119490.32787,35489.98738875578,4242.039390679983,20371.4006325053,1011.5885823367678,35748
114,2021-09-23,0.0,2418314.42490538,949927090.9755156,102800.89818090158,10568024666.800095,27971.116603619317,3308.3958275896093,13707.317429622002,942.2467844015785,33961
115,2021-09-24,0.0,3526283.351290429,1535895117.284947,119113.3260755063,14187984448.769888,42146.29046937454,5006.933706973876,25593.29147122397,1166.895278344318,36442
116,2021-09-25,0.0,2504266.37783,1224619119.2718275,120622.64877386656,14549823397.223574,37053.52857100839,3491.755352524703,17511.46373823795,868.5892797987926,33050
117,2021-09-26,0.0,6079859.002368401,1546008895.778179,140470.55862633893,19731977840.795723,43436.97729203694,5960.199998383779,27434.212166885376,1343.6864224541291,35592
118,2021-09-27,0.0,3090410.827260814,1120507958.3465953,129458.89818832876,16759606320.136072,40520.30370471903,4829.340777883483,22678.09462485504,1156.172933996726,27653
119,2021-09-28,0.0,3067163.362118583,1209542793.6437638,114273.03718430216,13058327027.324903,38852.074831162914,5097.961640437999,24993.503324907397,1254.6487412749539,31132
120,2021-09-29,0.0,4568463.829186762,1054256134.600238,123397.69150413536,15226990268.54976,34276.94946191885,4302.227174818307,19275.896034476627,1112.685165186768,30757
121,2021-09-30,0.0,4045317.299610413,1094527655.225642,131716.37129157508,17349202466.220066,39226.16404062796,4384.076279015809,19930.247733135224,1133.463109829031,27903
122,2021-10-01,0.0,3538263.6081419825,2559745673.019196,115342.19847811323,13303822749.764467,37560.46475450031,5000.767816881715,22869.404884921383,1298.0691409299118,68150
123,2021-10-02,0.0,2678461.864769232,935147727.3491853,100756.72355942425,10151917342.430237,29004.923152172243,3450.5129174817284,14697.72058269836,966.9740293546228,32241
124,2021-10-03,0.0,6468328.187838081,988778944.5011331,121159.53349568616,14679632556.892298,29767.25605867878,3434.789237672732,14211.898658,938.4089825830024,33217
125,2021-10-04,0.0,2820586.521654671,1207505004.70485,121140.57624510076,14675039212.99507,38197.67824575636,5050.983529722606,20855.811214433066,1251.2855843053158,31612
126,2021-10-05,0.0,2751044.8264928777,1043212883.0865258,108946.13464756258,11869260254.644835,32919.308396545464,5073.283516905675,19511.93244372701,1399.296332316661,31690
127,2021-10-06,0.0,7790987.254161777,1555314543.1540139,164476.89111534003,27052647710.96742,45321.98453110744,6004.412453561606,23830.831058,1545.1974675467404,34317
128,2021-10-07,0.0,4808292.861617919,1245576354.1482475,125768.7296445396,15817773356.401295,35865.59803473315,5763.031129738261,20226.25014478568,1575.74176181858,34729
129,2021-10-08,0.0,3535032.7408566703,1091303904.5158122,127126.01088660554,16161022643.94135,36920.76272128737,4993.502005328106,19991.156069570643,1243.4707591507738,29558
130,2021-10-09,0.0,2656458.717295152,818616389.9071337,91201.97967349697,8317801096.364954,24469.17919315898,3508.024967883459,12208.005759688935,915.6707635261579,33455
131,2021-10-10,0.0,3079462.137580857,1290239477.1376722,116008.29421223009,13457924326.031336,35123.84921701073,4918.541995730143,19910.156331535756,1103.4228121466012,36734
132,2021-10-11,0.0,3293343.979472176,1396342891.9014206,119829.22181303712,14359042400.31805,35200.73842647526,4666.628581871342,20051.78275137137,1065.250336096079,39668
133,2021-10-12,0.0,4480353.550033599,1478470982.7034435,140048.69023777542,19613635637.316372,38261.71638165274,3968.973969992621,18034.945853225727,979.623949053085,38641
134,2021-10-13,0.0,3311697.857483344,1225283515.448079,117956.04880445184,13913629449.558224,34786.4609899236,4139.301616772742,17704.979111133605,1033.2158610819888,35223
135,2021-10-14,0.0,6189402.338748254,1657211924.411498,157909.72227273087,24935480388.25099,47870.011392920016,6165.384396811688,25557.202165418712,1468.3260398745535,34619
136,2021-10-15,0.0,4999694.336696557,1538995248.7407043,147490.10928809218,21753332337.813374,42949.10414256982,5776.4140964155695,22918.19377666552,1310.8774962520808,35833
137,2021-10-16,0.0,6006409.443627113,1369440515.0463614,171932.68381019487,29560847762.176445,41178.75015174289,3993.610447696858,17805.32647562869,1000.6236527868333,33256
138,2021-10-17,0.0,5026169.710703691,1253901248.72386,128535.8650437664,16521468602.549332,36025.43379658277,4065.789219797246,18397.812039987795,999.194661710761,34806
139,2021-10-18,0.0,4999348.604642813,1426792095.8607996,140121.70342124393,19634091769.67104,40235.529056168736,4222.620512958757,18599.66634769132,1000.0539919453964,35461
140,2021-10-19,0.0,6998362.5300307255,1356538445.093428,144653.36671937397,20924596503.24969,37472.4025605212,3814.898375402875,17210.746387596286,916.5540203891192,36201
141,2021-10-20,0.0,4191790.109083342,2043710566.2754898,154144.80755218994,23760621695.301674,48383.299390991706,5044.071094295917,21059.943056760563,1234.859685676406,42240
142,2021-10-21,0.0,12733411.006483965,2417097814.8324714,201939.670861027,40779630667.459915,62115.4322419878,5373.990039206316,29357.57722494845,1246.6602533315677,38913
143,2021-10-22,0.0,4086317.7825391935,1529248598.9782732,150486.44320987348,22646169589.958477,45081.32182590275,4181.330617401876,20120.515140689306,999.4975480439347,33922
144,2021-10-23,0.0,3094685.0235810336,1235632702.166552,119748.7266508893,14339757534.509405,34781.081522449815,3226.050108780152,14468.358732317822,813.6652806851702,35526
145,2021-10-24,0.0,2730601.2129357294,1252795259.1293314,124008.81705735323,15378186707.964102,35294.97842313936,3899.625385829904,16231.534671188336,920.0080192216371,35495
146,2021-10-25,0.0,3009398.32371065,1298391861.7903597,126126.48132955517,15907889292.574629,35217.31208067592,4318.203865360424,16012.692434823295,1061.4467683849396,36868
147,2021-10-26,0.0,7998618.483307693,2078759626.9071138,200989.37153857836,40396727471.47269,53803.69673121218,5144.668633568817,21245.317110605924,1263.5577514494523,38636
148,2021-10-27,0.0,7487323.8427477535,2383022258.20676,182580.66927147086,33335700791.61823,56265.72517193021,7934.895074159122,30503.497753103136,1882.90330822331,42353
149,2021-10-28,0.0,9137379.599508705,2266643782.458742,197045.1823514307,38826803887.90858,58286.45809655272,5277.486665669524,24943.595272665716,1252.090052885193,38888
150,2021-10-29,0.0,3706880.6927475,1327262324.4133434,152544.5322755633,23269834327.17038,40704.827933061715,4206.984927393675,18503.38340683077,999.3659026936743,32607
151,2021-10-30,0.0,12846041.869948698,1454359716.2186308,176401.79319432587,31117592642.173714,34680.4587041833,3947.6972850772836,15341.765696104354,966.2175417030659,41936
152,2021-10-31,0.0,2894557.468387148,1179015243.4879615,108857.32719547879,11849917684.143528,30224.960097620016,3831.2116501319833,14655.560392,971.3170185953054,39008
153,2021-11-01,0.0,4909725.874781922,2656850355.979925,148761.66049844344,22130031634.254143,37025.14501491019,4074.4266234945535,15148.336529770388,1025.7358612520145,71758
154,2021-11-02,0.0,8134067.823461975,1748863473.1686962,155622.28926433352,24218296915.8719,39290.59048704132,4995.116492931314,19556.313105073335,1357.9269354240341,44511
155,2021-11-03,0.0,7308993.009690611,1649767730.175768,154240.3845695671,23790096232.16795,37797.96389616166,4985.856980373788,18466.083516091287,1285.9870048995451,43647
156,2021-11-04,0.0,3954352.553131618,1468914201.9786382,124286.15446003192,15447048190.462914,34396.77325790044,4608.403648554394,18372.214693117352,1141.2245310668088,42705
157,2021-11-05,0.0,10394736.6027065,1118938623.8495498,125268.75920469525,15692262032.683922,29507.875101517664,4459.82659240473,15758.031471067927,1082.855227006774,37920
158,2021-11-06,0.0,4238484.516931089,1187625625.474517,113106.69427322049,12793124289.41577,30420.738357441525,4020.7468010569805,15430.704928985033,988.6405497007216,39040
159,2021-11-07,0.0,6236831.327839575,1472401129.6258044,156821.319545455,24592926263.977703,33250.556199489736,4408.781446774756,15431.626168108103,1021.193967247295,44282
160,2021-11-08,0.0,8428219.213648332,1486421795.4384634,147281.824265475,21691935758.966263,31461.991648607545,5359.4621556114325,16318.31627197475,1918.965536066676,47245
161,2021-11-09,0.0,13193319.909768,1924008699.1616352,160118.44019451697,25637914890.325104,36398.88569896584,7220.367193943659,20254.456148632486,2415.5965589580146,52859
162,2021-11-10,0.0,14196543.695282592,3145430254.128483,265095.8434334689,70275806205.70226,64442.33259841186,9013.856791914568,29352.030191965965,2407.994993671662,48810
163,2021-11-11,0.0,5755498.800069564,1787748162.8189101,172289.33596699458,29683615287.94793,46941.00466900119,7036.120515381553,23918.923036203785,1882.425846691371,38085
164,2021-11-12,0.0,5294577.665699685,1973640161.381073,193523.61077211748,37451387926.27802,55419.09306660694,6922.994583561609,24174.50004029687,1756.650859182478,35613
165,2021-11-13,0.0,3453039.8567803167,1099695682.5761042,118049.81769473494,13935759457.760157,31911.310831841914,4604.646247725396,15240.42519847932,1143.236393741162,34461
166,2021-11-14,0.0,5031783.7296208525,1388246695.0500214,169340.85396457513,28676324821.451557,41427.833334826064,4592.359688667519,16674.32350875,1134.7144028333955,33510
167,2021-11-15,0.0,17192507.376798168,2688614016.8341346,236007.93949579835,55699747505.052414,58645.741451284426,8905.628708851054,24163.11521977527,2617.357068,45845
168,2021-11-16,0.0,4173574.6218548673,2456399995.5101886,186536.75192892953,34795959820.195,59557.75374624645,7557.3917089594615,30252.216457328374,1814.0700862324898,41244
169,2021-11-17,0.0,11198670.4421625,1912303352.4842455,197538.77986209365,39021569549.40469,45586.38710062804,5711.269532,20001.795510073745,1483.7193404947968,41949
170,2021-11-18,0.0,15000377.022849,2998448883.8980594,243528.69185276568,59306223755.5193,63431.04406291509,6648.213382353596,24848.15044189853,1569.628780805816,47271
171,2021-11-19,0.0,5279341.816591145,1675610575.9798758,157443.33189124393,24788402757.01639,38956.81614386394,4841.38597201784,17499.738936033013,1202.2159184743382,43012
172,2021-11-20,0.0,6691893.500723104,1553293640.2213123,152086.23594955367,23130223165.303314,33604.3450278284,4191.4774980114535,13860.9549261293,1089.4880760116882,46223
173,2021-11-21,0.0,5424344.6489428105,2038385690.9835315,178876.8885851306,31996941269.897224,43751.57095907988,4623.072676623149,17113.90649693135,1336.5436285703727,46590
174,2021-11-22,0.0,6157308.808811263,2171584707.253871,199239.39029699957,39696334645.92012,54309.98392531877,5557.351598502398,20877.52224744291,1344.1642382634284,39985
175,2021-11-23,0.0,8404603.874045411,2519248514.662185,201190.26435833503,40477522472.57674,56223.18591908109,5804.400777287572,23479.470040428285,1482.1254898821044,44808
176,2021-11-24,0.0,16000667.6929445,2057944273.2457201,164151.11306104698,26945587919.180634,39031.659995177244,4966.818577710248,19871.45848436605,1283.319425406325,52725
177,2021-11-25,0.0,26393037.0313565,2377655005.3671975,190923.16148351264,36451653590.85944,41817.422444813354,5273.210560702706,20286.08767997843,1301.8222172423175,56858
178,2021-11-26,0.0,6488450.088863738,3476143949.6497173,204981.8215987343,42017547185.93533,55638.77826479692,7217.334028338596,26255.84295750008,1758.0661837214918,62477
179,2021-11-27,0.0,7323221.222725,1776591187.9477358,145929.8384411359,21295517747.456024,33945.87259148074,4630.902636904951,18014.273856056643,1105.051751057204,52336
180,2021-11-28,0.0,8853189.779393716,2106166459.2494056,200838.0816790912,40335935052.53731,48669.35781050042,5992.037791222626,21695.145876169627,1388.5677012662984,43275
181,2021-11-29,0.0,13625490.138282144,2201098772.257652,199794.3192992725,39917770024.25965,52995.1069547275,6267.739099347624,24834.071513558476,1564.5051322191187,41534
182,2021-11-30,0.0,10642031.2687215,3226509572.226144,261943.59851817152,68614448804.64903,78710.71360817096,8292.213454761546,34873.777149301226,1940.2285513393754,40992
183,2021-12-01,0.0,15038508.342889171,5343268355.080652,235914.34532023704,55655578327.876045,65033.328729590954,7012.734767683411,29259.80749893608,1780.9053888236435,82162
184,2021-12-02,0.0,8429782.151483,2238427762.026837,202790.34555679632,41123924251.04486,52412.37618307663,4742.474557137317,19559.09660486822,1213.0909784549592,42708
185,2021-12-03,0.0,9453386.706597907,5310364100.814661,308612.38543928484,95241604446.5257,102645.48373083331,9246.322234457808,48361.724201208664,2074.7393626511894,51735
186,2021-12-04,0.0,13798689.0954785,3340866138.0605187,226888.0835518214,51478202457.81828,68332.94753759421,5915.637454856328,30174.345478741743,1397.7869709600554,48891
187,2021-12-05,0.0,7594107.735820021,2793543214.485595,225553.09478305382,50874198566.213264,68385.39080748092,6051.107555622328,27418.89649470964,1360.3100617237997,40850
188,2021-12-06,0.0,12281295.5933115,3661176471.308698,250393.47905092183,62696894351.224434,71692.18436807195,6192.1829274266365,27747.486382249226,1688.168430803003,51068
189,2021-12-07,0.0,7279526.3743175,1923887051.6940536,164774.76643176455,27150723652.64256,46656.652157003846,4556.820460796599,20011.865396746998,1061.9020667268132,41235
190,2021-12-08,0.0,6518608.951465458,2421259522.7637825,223628.39753685793,50009660184.90297,62166.46612826801,5114.009341612372,24931.539345034304,1202.507359412467,38948
191,2021-12-09,0.0,10912420.7155165,3383526645.265901,261784.47925520028,68531113578.91639,74574.65441065661,6471.624326,29998.0517869083,1506.7623504832532,45371
192,2021-12-10,0.0,11991910.308242915,3396876884.19651,275459.11398687126,75877723478.43214,81230.01779608087,6209.398271291366,33183.593029224605,1394.2727910425697,41818
193,2021-12-11,0.0,8609362.307706,1663701392.4416149,167554.631073212,28074554394.080173,39865.36775313577,3444.257495411768,13920.669592542408,918.186453,41733
194,2021-12-12,0.0,8143017.217202289,1871227790.1431377,218594.42144404267,47783521086.45575,53613.76970211271,4336.96900827022,19896.108808157038,1015.891498935646,34902
195,2021-12-13,0.0,5606779.074907567,2412394937.372164,198095.9013571279,39241986134.49295,57712.797544788606,6674.249731653471,29463.36876891144,1587.7572201935925,41800
196,2021-12-14,0.0,14762065.9734165,2155458534.3370957,240991.37623867884,58076843421.41247,58866.57565919532,5023.516751269458,22826.2274935443,1131.3933464707925,36616
197,2021-12-15,0.0,14996818.1242925,3280222165.0133634,319323.01027089753,101967184888.46774,78141.4589788309,5667.752967038257,27755.548164364707,1243.1081308517494,41978
198,2021-12-16,0.0,7524513.2624195,2040705723.409966,241704.75893795327,58421190493.2541,65799.50098052382,5430.387732349931,24661.548658922766,1219.69538960502,31014
199,2021-12-17,0.0,17002084.287746,3123700531.6097198,325211.1400300456,105762285599.64192,91614.86777363092,7672.761237060475,38949.03125516185,1551.7188483427574,34096
200,2021-12-18,0.0,5710216.197378758,1544716573.6958833,179506.44480525504,32222563726.622078,51053.19673780888,4290.112432283217,20033.53033136187,973.5977153122074,30257
201,2021-12-19,0.0,8000918.854215,1901653229.4561458,208948.1674895455,43659336697.23917,59781.616770076886,5245.524719848336,26367.684552840317,1134.5579586490996,31810
202,2021-12-20,0.0,12246896.133335574,2229280578.0833817,257002.93250431147,66050507315.815674,65762.42892366683,6665.533603705879,29592.03924168567,1459.9652588415984,33899
203,2021-12-21,0.0,17653299.693601,1339509346.217457,199999.74629204912,39999898516.88402,41651.41001919954,4992.509941269351,20000.0,1198.408526526148,32160
204,2021-12-22,0.0,10008177.921370735,1522012358.4434266,184489.96235774888,34036546210.763596,47550.99845174415,6026.405763834683,25023.385094191544,1346.4937910656622,32008
205,2021-12-23,0.0,13020150.7846145,1613631950.8923638,170279.64295426282,28995156804.63123,44840.547737797024,5499.966365136951,23404.182110718542,1245.1269103739783,35986
206,2021-12-24,0.0,5681570.120628,1428575628.4889576,121659.41544628909,14801013366.732765,23614.381587029846,2217.9229898883286,8476.037879304984,670.183852123633,60496
207,2021-12-25,0.0,12032546.398494,1481890774.3655624,113542.40060002872,12891876734.0174,21683.13908323548,2391.29165351669,9713.146461934077,659.8969229450074,68343
208,2021-12-26,0.0,14816058.367318,1057508445.5220563,137380.74325158348,18873468616.3575,24523.640961042074,2932.064252124745,12870.835693500001,722.0760369881207,43122
209,2021-12-27,0.0,4171279.332098746,1613358246.0607588,159669.01612143015,25494194709.185516,40967.93494478959,4589.500262786751,20150.202757,1055.1036059866738,39381
210,2021-12-28,0.0,8123676.900612482,1836892598.326051,193994.41571763475,37633833329.62649,44392.97690381485,4106.645406798967,18573.432622525455,1012.16091255962,41378
211,2021-12-29,0.0,6900498.5738315,1561008129.1685028,133900.88420340727,17929446790.454285,30776.974155530417,3633.2154183093007,15350.245683074001,888.3137146292113,50720
212,2021-12-30,0.0,6171358.904745122,1184688906.5485344,142133.1443725043,20201830729.215145,33170.625970839545,4539.069470709585,19178.83270124577,1002.4405631602588,35715
213,2021-12-31,0.0,7380741.879187534,1386262324.5724156,152545.8490254313,23270236054.889675,38364.485652637835,5004.04148856941,20260.566701338656,1092.618849156514,36134
214,2022-01-01,0.0,4320000.000002,3887710446.990827,127409.9920931017,16233306085.164236,30392.683065377492,3960.697761239169,15975.091756028069,934.647094010669,127916
215,2022-01-02,0.0,8272028.472174032,2082578028.87076,143423.61666160822,20570333816.29594,30004.870171605,3994.921062611641,14749.737535621112,1024.8785707600723,69408
216,2022-01-03,0.0,4389075.239224071,2498429206.805848,142510.22458315484,20309164110.74123,35802.32154657011,4840.999548904998,18730.737579453602,1124.86011507264,69784
217,2022-01-04,0.0,6153458.525032,3052580183.56522,178875.1271805843,31996311123.870205,45902.080893284714,5476.485091341651,20336.350539889136,1363.803037774131,66502
218,2022-01-05,0.0,9267223.502263602,5229301679.719076,241097.74452653507,58128122415.782364,64807.307965287844,9465.295493216578,35089.27325792735,2420.020166507425,80690
219,2022-01-06,0.0,6683345.859197878,4266709330.8174324,187157.03202400962,35027754636.03616,54697.1942006696,9641.419190506716,35619.46541082575,2362.868490843785,78006
220,2022-01-07,0.0,5091991.554438518,3531434146.332552,183233.17259478563,33574395539.150505,55056.5019228049,7197.549165379166,30394.50562131577,1732.1287109371133,64142
221,2022-01-08,0.0,5026348.208566,3843616968.579468,206998.64821082182,42848440361.10757,61213.83928299837,7973.166222953054,31410.633427420657,1966.437493844929,62790
222,2022-01-09,0.0,7731275.845423,2198880928.239922,168390.00962099986,28355195340.160423,48890.0953450712,7161.04156108088,27828.63176277813,1747.9890794434457,44976
223,2022-01-10,0.0,16799468.828944,5197151750.20855,234329.2365845927,54910191118.31802,48055.921054559956,4500.6907546422135,19329.35295593062,1603.967676361656,108148
224,2022-01-11,0.0,8694555.540434754,3206992317.8950224,179989.20720926026,32396114711.818027,43668.19604976883,5464.728551898512,21568.974618494805,1382.3126449896142,73440
225,2022-01-12,0.0,7897597.361782772,3563431798.8193884,216034.45830284408,46670887174.20328,51134.080456023825,6661.330962962249,24525.461927086482,1573.2721728981492,69688
226,2022-01-13,0.0,5875379.258797184,3346653203.785773,207593.5712444553,43095090822.02673,56035.3158493365,6613.5656263988185,27096.93285410262,1647.4788649453058,59724
227,2022-01-14,0.0,5517865.101317919,2623233166.074582,191233.02033578834,36570068066.74804,49966.34602046823,6598.183508361208,26356.01897255556,1489.7190480324289,52500
228,2022-01-15,0.0,13453933.979666287,2056747218.2845902,204827.84363115893,41954445526.59049,40722.82933284343,4995.118602879346,19966.79539510678,1293.9937913303463,50506
229,2022-01-16,0.0,3849502.0464869738,2685578714.708978,139791.44363571232,19541647713.756535,42514.860605195325,6634.26372583042,28224.401120665945,1670.495992831508,63168
230,2022-01-17,0.0,3939086.969723,2777707993.0877595,150914.6847600901,22775242076.237377,42906.917005279116,5965.591666910474,22787.66127062788,1565.4335625136998,64738
231,2022-01-18,0.0,9131640.964452246,3815281356.5057154,186539.45470675052,34796968162.291824,54106.72145255857,7006.819234825081,30225.363679176902,1737.644115828575,70514
232,2022-01-19,0.0,11998556.0709905,3245909865.4900093,188384.19246315715,35488603969.995834,46556.36640117627,5213.099684853389,21504.573886123024,1328.9593666433832,69720
233,2022-01-20,0.0,11899753.8435625,5772521139.691107,223680.55364845105,50032990080.477585,59170.14637129817,7515.095627,31264.940300160415,1742.980661141536,97558
234,2022-01-21,0.0,14964599.528588686,8421984432.765476,295228.4958498326,87159864761.75462,81774.7784519417,11489.80323495146,48847.30355610294,2597.8560267895546,102990
235,2022-01-22,0.0,47995168.6410405,5746790348.569878,348033.3808938378,121127234216.39516,64431.67939467528,9951.087097355912,39899.432571810496,2196.586574515842,89192
236,2022-01-23,0.0,17468553.212046985,4540596785.350877,279993.95492342755,78396614793.66238,71999.8221703488,6967.135796343786,30447.848818571827,1553.4847951478312,63064
237,2022-01-24,0.0,22000819.41644,6111330891.74772,262726.6645188239,69025300249.18663,68779.46847353771,8621.220701323447,37091.92584918467,1881.5024823397312,88854
238,2022-01-25,0.0,14060165.9167765,3656468600.1318254,191002.97407436505,36482136105.25257,50354.870963338,5143.53976750412,24548.32031317139,1394.5984003309197,72614
239,2022-01-26,0.0,10515704.382786158,5576306331.396687,255859.74771731457,65464210501.96786,73521.42936208483,8093.610095783208,38432.43842564765,1875.907086321634,75846
240,2022-01-27,0.0,9988597.187942,4343516581.708165,242749.5567184784,58927347287.01775,72483.7557857981,8180.335217066706,38430.06757380788,1705.9793670626475,59924
241,2022-01-28,0.0,19794362.151209,4318778464.845249,382192.48690710304,146071097048.23615,83059.82123327274,6833.705223669523,35190.135611,1459.2411446922483,51996
242,2022-01-29,0.0,12158597.683395,2417474516.568692,224808.76617456082,50538981348.92837,48520.28172303894,4890.607941359742,20740.98381298293,1134.6665087269648,49824
243,2022-01-30,0.0,19925575.626491,2507607024.7002573,268004.7702368388,71826556869.70074,50827.124710156015,5115.155166480639,22825.363514025114,1245.8761858606792,49336
244,2022-01-31,0.0,18422540.155868,2835869258.375953,250445.1742986567,62722785329.484535,58116.838642018876,5476.452136290003,25224.948845373616,1346.0798471583716,48796
245,2022-02-01,0.0,12530627.228947416,3061490043.06351,254595.382652819,64818808868.13534,64958.4138142056,6135.938333665464,29541.49982013925,1409.828323,47130
246,2022-02-02,0.0,8191834.5611825,1676380170.235603,208205.41319881813,43349494085.290596,61340.70658405368,6742.735295434757,30475.70529895563,1477.2517705439486,27329
247,2022-02-03,0.0,16840407.511018,1460505902.2580693,200075.01494926086,40030011606.94696,50531.290947585694,5019.77773275996,21690.23666423882,1152.9418358521773,28903
248,2022-02-04,0.0,8997881.7215695,1753655300.1749814,189411.14063902563,35876580198.17674,56463.8837070958,5941.817355020086,29572.17169726768,1329.3138314048638,31058
249,2022-02-05,0.0,7663392.178863476,1186039977.253333,176941.32066003152,31308230956.916096,41049.388338121105,3944.278601422244,17260.972353,908.0985003683696,28893
250,2022-02-06,0.0,6491196.352001833,1371674723.7034843,161887.00739314043,26207403162.706703,40893.02458645572,3669.054909699835,15937.189229908101,896.4302437856804,33543
251,2022-02-07,0.0,4998616.593695,1538656807.1764803,181094.2548857252,32795129152.61601,49533.425849933374,5488.13966645104,23456.348016343574,1353.6805230725568,31063
252,2022-02-08,0.0,5001053.960176,1428389294.6222837,156992.84561329373,24646753573.75948,46651.94639173962,4809.969029039609,21506.849785782022,1084.2805931345126,30618
253,2022-02-09,0.0,11100531.321377585,1409057487.0134246,178790.20894498064,31965938814.589832,40549.58378697012,3996.615923246702,16397.02412855891,1054.3233250549902,34749
254,2022-02-10,0.0,7981804.967147323,2383009979.765248,240341.7827753987,57764172547.65694,72637.24143521955,6461.742189376392,32320.713482970903,1514.263675625095,32807
255,2022-02-11,0.0,5802827.65494313,1939337673.1044695,202594.34472586578,41044468514.90294,57811.29413654294,5424.829240380535,25977.830463413055,1225.4096645558282,33546
256,2022-02-12,0.0,5343015.884670526,1252939115.5228646,181385.18730261948,32900586172.806355,45734.38149813347,3928.467470098558,18654.15870887515,836.8957916240954,27396
257,2022-02-13,0.0,4001723.99841,1065910542.3528575,134118.42985032708,17987753225.517105,37130.68388730475,3951.813000110477,17822.895932265128,874.5777282904891,28707
258,2022-02-14,0.0,9228067.3121875,1339514074.8912141,171010.55021944278,29244608286.356564,44457.81861570574,4739.669684201257,20419.624262836114,1035.3519796750584,30130
259,2022-02-15,0.0,6603779.835999,1595553068.0711448,216736.6684392523,46974783446.146385,54884.698430433935,4958.670623164804,20645.174401396376,1108.1672593935136,29071
260,2022-02-16,0.0,14848685.5019995,1461213716.5603654,201066.81058915606,40427862320.49555,48996.20147404236,4498.9431345,19289.49666505173,1012.0540992209712,29823
261,2022-02-17,0.0,5001353.970603,1870589567.6134439,204309.77245879013,41742483122.1626,54884.97058897494,5308.404561926496,22808.19505710945,1222.8124148816605,34082
262,2022-02-18,0.0,11254950.2639195,1394050108.6725688,205043.38018465572,42042787757.54927,46868.27960841073,3630.5643250000003,17841.353094333168,1017.2134271524714,29744
263,2022-02-19,0.0,8416294.223216796,1243594163.709329,148060.51134898313,21921915020.92236,36463.69047674326,4001.436011250448,16808.172482372098,1000.6541385536952,34105
264,2022-02-20,0.0,3866221.094532502,1525887113.9008002,181767.40550776914,33039389705.025784,48551.83638477791,4649.106005760759,20921.848640697368,1050.8552846825555,31428
265,2022-02-21,0.0,9496629.899357,2490642984.57261,236480.66570999948,55923105254.64452,71210.05788462402,7530.983274880619,35603.928146942795,1572.674531813202,34976
266,2022-02-22,0.0,7427109.307249546,1490785213.9344792,198170.3028344313,39271468925.490204,52378.09057460752,4462.312138592356,22993.129630118274,944.2066280679442,28462
267,2022-02-23,0.0,12083253.3796225,2413432828.236112,232354.5643457589,53988643572.30742,59341.84480541215,6472.398195833766,27666.440419791008,1501.1370708435272,40670
268,2022-02-24,0.0,21002548.298181,2673227514.629599,266740.81575731724,71150662790.87906,64717.65638477701,6453.175120992844,29925.453820475734,1386.4169261820034,41306
269,2022-02-25,0.0,27005646.2775425,2088145218.6694944,335544.2741347185,112589959904.59512,69700.09742212672,5531.196869132041,29216.437252507778,1049.3360899503396,29959
270,2022-02-26,0.0,5576509.405546965,1146344057.8537972,159714.71507018953,25508790209.951824,41809.90801129904,2710.2452139795396,15140.240536836938,532.9453183309522,27418
271,2022-02-27,0.0,7999362.977112112,2126313728.9359195,203661.26277820478,41477909956.41298,65272.40081458496,5529.692948497634,30022.256074080662,942.9765626597637,32576
272,2022-02-28,0.0,9655994.33537,1941603627.4500308,211654.98334350853,44797831974.14088,57961.777641949695,6260.442953143489,26588.890378631513,1388.641879657917,33498
273,2022-03-01,0.0,16042179.150068,4340122162.787866,214072.78456274164,45827157090.446,59494.47789976512,6257.538143910926,29514.84401888586,1237.849001231966,72950
274,2022-03-02,0.0,46002349.47185313,1813153172.959235,344260.8815385248,118515554557.68224,57284.000156679984,4566.328559105819,23980.476648592292,904.4495837791625,31652
275,2022-03-03,0.0,11009222.54365804,1441131033.8808844,200173.1820511468,40069302812.48157,45175.10529077096,3816.9920942607664,18911.449836,783.3886739840239,31901
276,2022-03-04,0.0,22482933.72280959,1682884612.857827,242640.3110064512,58874320525.30736,52554.01326768556,4659.2067805911465,21842.378058550003,937.8802667429961,32022
277,2022-03-05,0.0,7199077.9259375,732737944.2438182,145909.30340792984,21289524820.987324,27164.600883955594,1925.0438273818884,9076.266325317632,450.6427898385321,26974
278,2022-03-06,0.0,6242891.566964,1248943887.1885843,174428.66813052667,30425360265.789406,40208.09629735961,3616.9185888921984,16899.125202372517,784.6149356902876,31062
279,2022-03-07,0.0,13200541.4795365,1603368513.6064553,184587.27794805277,34072463180.27169,45371.07766508547,4542.071050331659,20902.275796827184,917.0600122365845,35339
280,2022-03-08,0.0,53994677.70605128,1697604244.4992898,335219.41974514036,112372059374.26859,49409.28588681791,4501.269843746752,22485.67917126631,862.9996786431981,34358
281,2022-03-09,0.0,3446802.604706584,1417905280.3961942,144466.67046633392,20870618875.62832,38811.63004396557,3327.3898549073792,17537.966488619466,632.2864494326006,36533
282,2022-03-10,0.0,5617967.277669273,1303374086.3407848,153423.95074916448,23538908663.482048,38207.54804153211,2595.7281051762434,14980.302971664209,515.07038,34113
283,2022-03-11,0.0,13326867.686006,1206931098.7959716,180666.27787620836,32640303961.643333,37436.98932336523,2430.034714,12888.843070710756,500.13550681530705,32239
284,2022-03-12,0.0,3608192.0,571158230.2305754,108204.60682592311,11708236938.352606,20181.55649025036,1500.0,7254.079044554007,313.487435,28301
285,2022-03-13,0.0,7933415.811066,1163008171.112577,192974.06483381422,37238989698.48514,36337.192123744826,2467.1741420691487,11906.251425348193,500.0,32006
286,2022-03-14,0.0,8721522.302496,1119052732.2537053,151867.90272270862,23063859877.39409,34467.389418600585,2508.995981564081,12011.337937085962,535.1167968583663,32467
287,2022-03-15,0.0,19744191.576194,1429417052.5461369,189687.427796296,35981320263.975006,39103.18841597967,2654.141583038581,14412.472547334186,518.9066929298175,36555
288,2022-03-16,0.0,26436541.079239,1593385214.7323353,220443.3386820271,48595265569.27891,45809.30956882199,3347.482286234957,19940.97799509466,689.1415775146096,34783
289,2022-03-17,0.0,8671805.9702295,1806581101.1094687,129026.60302152317,16647864287.273733,32973.427168034985,5472.346156933417,20448.451862946986,1120.054773590895,54789
290,2022-03-18,0.0,9996805.1950715,1954653962.3170068,155735.83765644455,24253651130.554455,37717.157346345455,5663.994768836317,23506.208471864647,1151.2154293279011,51824
291,2022-03-19,0.0,8404497.100110289,1145122502.323006,131504.9310644612,17293546894.268692,29041.173247521136,3011.404871855654,13506.775161946469,616.0374855702131,39431
292,2022-03-20,0.0,4237052.0160445,1266851980.3203073,125934.99918528355,15859624019.797367,32041.377417176063,3325.247760711557,14445.532354564197,736.5869151789192,39538
293,2022-03-21,0.0,16273032.197920058,1550796436.8968868,187994.9959451195,35342118500.405495,41099.20856801439,4265.886000647002,19969.74373824646,962.448216950008,37733
294,2022-03-22,0.0,17193761.3808205,1301266364.1632597,173675.88680885025,30163313658.840565,34437.7908263182,3292.863980895986,15092.226986180582,810.4210409870929,37786
295,2022-03-23,0.0,10781381.948260494,1477400190.0441442,205721.05754576193,42321153517.74669,38830.92464699304,3913.169604699509,16715.406683806148,909.8547395494412,38047
296,2022-03-24,0.0,26388972.0620475,1813689318.010049,386164.6487927134,149123135977.19968,42184.70758733891,4314.472659039651,17923.707096945145,972.1133337705581,42994
297,2022-03-25,0.0,6551187.358355,1595121058.8102534,191755.75161797518,36770268278.57459,42443.75123224558,4297.421342076863,18061.25787839224,980.9180082705352,37582
298,2022-03-26,0.0,11880119.773749327,822571227.9568945,147042.76622237658,21621575098.328495,25786.740272638468,2797.843978772341,10680.506517020114,612.7084656357913,31899
299,2022-03-27,0.0,4238190.79502021,1362390393.1703067,143512.14904677807,20595736924.024647,33309.4641492948,3331.986494,15020.866498,824.393175490848,40901
300,2022-03-28,0.0,9612389.1182285,1809642764.121368,163271.9221468227,26657720561.51814,32741.862929642986,4558.437338953056,16426.324324279434,1184.7945038251783,55270
301,2022-03-29,0.0,9773800.119422,1787644256.6825542,164905.69995193355,27193889876.637135,39451.89478907473,4964.4561969082315,20040.386234677128,1028.1893485,45312
302,2022-03-30,0.0,6637599.394321,1424917625.1423838,165326.30039996683,27332785603.940075,36992.59132226651,4252.210867056622,17670.7138165,1020.1150869393753,38519
303,2022-03-31,0.0,12846572.924556715,1785660195.4330456,186728.7583654542,34867629200.704185,45331.67970940178,5089.822359877213,21714.803449094397,1245.4904836165956,39391
304,2022-04-01,0.0,16850836.939927,3403020671.4622655,207031.98947646676,42862244666.58385,39693.70446813635,5009.876292461278,19729.997638,1328.4629053605258,85732
305,2022-04-02,0.0,3955952.836505,1418926362.204359,149561.7328964369,22368711946.985138,39356.67939434607,4946.666767954974,19989.772438,1057.4022196752394,36053
306,2022-04-03,0.0,4477042.846121273,1136714517.0168548,132549.82257191377,17569455463.84582,34626.371299404615,4037.297934389527,17455.90682798397,991.3035738717329,32828
307,2022-04-04,0.0,4362507.083240437,1462918640.0627258,165008.3609676305,27227759189.223843,45534.07121709181,4832.844736705238,20358.653675133835,1113.4032425890496,32128
308,2022-04-05,0.0,17611440.812249,1768500629.8023455,217981.04376113313,47515735439.19304,54029.71495180085,4820.9074190161955,23676.27192523249,1008.4185069147436,32732
309,2022-04-06,0.0,16518903.327610532,2245143001.833926,239722.0988805534,57466684691.69782,59701.72317805473,5900.465840218027,29605.54001125451,1242.8911043191642,37606
310,2022-04-07,0.0,16671593.387258723,1443809820.0673606,269197.74797594664,72467427515.32129,49526.95595730518,4176.755166975208,20034.231785715037,972.6081290657786,29152
311,2022-04-08,0.0,12397226.607341418,1813364416.7805266,218560.39864515816,47768647855.93046,56156.96066335904,5107.167884617854,25277.719197653852,1000.721712711015,32291
312,2022-04-09,0.0,16815828.35187459,756605878.6187468,200862.39940592877,40345703495.10685,29689.44744226757,2494.760193010631,10496.677307145095,510.8451626748356,25484
313,2022-04-10,0.0,8980791.93710753,1231064403.678651,173081.68688866837,29957270336.22703,38811.57677350014,3731.6647440978295,16216.370621161313,804.7036919483,31719
314,2022-04-11,0.0,13847379.7624915,2491770926.1679378,225538.37416987156,50867558223.18899,61566.25222167711,6099.655324483196,29996.1126365,1230.262006086749,40473
315,2022-04-12,0.0,19990952.181214,1926610528.7810938,379172.09757858317,143771479582.14258,58431.71566120023,5005.73873429186,22806.823895748723,998.1243518687833,32972
316,2022-04-13,0.0,13979251.7338535,1465664568.3942006,202354.2996840156,40947262600.60839,45526.01628856931,4380.060628487608,20019.660792452087,835.3159766373304,32194
317,2022-04-14,0.0,10783740.0454985,1274815756.6566727,162954.14637614242,26554053821.17725,38899.54096962873,3383.7670726844035,15781.851818550895,745.8279282296178,32772
318,2022-04-15,0.0,10983924.1446935,799828195.8824731,192063.23927504517,36888287880.82326,32079.099822824093,2632.167963725037,11008.439944068194,484.798196282501,24933
319,2022-04-16,0.0,3745952.745294418,510336016.6842139,87852.94667048696,7718140238.687425,20246.60861240236,1984.2311281866987,9409.67357930871,395.8117128405855,25206
320,2022-04-17,0.0,36628327.07043222,1318744636.437938,332531.58878566336,110577257540.31752,39338.503011005516,2874.300603040205,12434.310563705225,521.3500987072338,33523
321,2022-04-18,0.0,8898350.561288,1296950548.397009,167293.99098956014,27987279421.21503,39100.10697609312,3696.7172734789547,16446.792839241345,754.6292300354473,33170
322,2022-04-19,0.0,21985556.914689,1302806474.9910705,339867.39195307007,115509844112.98175,39606.20401869856,4305.592036520016,17946.60753143418,972.5097625535399,32894
323,2022-04-20,0.0,20490461.288833,1407687971.11117,218316.1338716665,47661934308.67142,41490.449514005246,5386.675280997595,22325.096060755295,1056.2879881223814,33928
324,2022-04-21,0.0,14178135.964348985,1360588284.656073,210640.7387497498,44369520821.04035,41365.325448621945,4288.711590489751,20556.38402960566,903.7607473842342,32892
325,2022-04-22,0.0,5491626.71266,1150356010.7670581,135934.3861045653,18478157325.62503,36625.04412006298,4223.209268185881,19460.62325874601,874.3077938063581,31409
326,2022-04-23,0.0,2898290.211343493,569122660.055634,84452.30681162978,7132192125.805651,19967.114340793392,2272.318903,10102.230742152817,490.3701214906471,28503
327,2022-04-24,0.0,12265612.416526243,925941025.979874,187191.21037174872,35040549240.440285,30991.767111151523,2846.123531949856,12846.291081881864,577.8894058998429,29877
328,2022-04-25,0.0,20489025.367834,1454276502.7122054,264208.2848520355,69806017784.45435,38717.725904853585,4011.995971,19221.672846533573,842.5625,37561
329,2022-04-26,0.0,13578401.06203724,1365933905.0653884,180769.24023794621,32677518216.204315,40512.92873013965,4170.434922458346,19226.76196375,945.0288029073815,33716
330,2022-04-27,0.0,4293757.573343,1186872545.5155072,135203.14775532312,18279891162.94774,37042.30659203855,3800.577752050783,17514.1544874675,860.0343940313813,32041
331,2022-04-28,0.0,9985298.5666695,2068211083.2056422,159071.85649807475,25303855529.744087,41220.773372775584,6056.2254112234505,25996.33137212863,1368.6882257724,50174
332,2022-04-29,0.0,13113944.354732975,1659607283.4185421,166570.17199872935,27745622199.686275,32345.344548101544,5641.107367,19998.3252135,1267.5107669984716,51309
333,2022-04-30,0.0,9996976.6558245,2028856800.0631847,146152.02185223522,21360413491.49624,36859.48803777383,7783.2958604075375,22197.17024567977,2306.471886312136,55043
334,2022-05-01,0.0,9546984.659825332,2847071109.19558,174234.2559860627,30357575959.016827,42862.08462597224,5578.853533104246,21083.36152572622,1356.8443180228126,66424
335,2022-05-02,0.0,9620161.50816937,1696510333.8550968,269348.32759040216,72548521575.7466,62796.50332599559,5758.13088724798,26517.561379949784,1339.138899831181,27016
336,2022-05-03,0.0,8999443.6348235,1152223156.6220732,204498.20908743123,41819517519.966736,46322.39111610811,3685.468987172864,17120.080071374687,875.7008708629687,24874
337,2022-05-04,0.0,21827822.88950969,1740447167.6653461,340460.80939277343,115913562732.38242,50440.43378250532,5002.371497847826,20971.68847425439,1073.620961,34505
338,2022-05-05,0.0,10844172.7398025,1958124661.1178763,258926.7378005791,67043055548.04984,59908.96928615194,5494.276283163369,24015.24035965614,1098.2606635202894,32685
339,2022-05-06,0.0,19032642.42521972,2036911720.6843224,296978.1284463469,88196008775.49493,64635.13742096599,4907.995974384827,24287.396191321488,891.0013765402888,31514
340,2022-05-07,0.0,13526494.604994684,1738220945.9757571,229004.56832013043,52443092311.48929,53688.56393550028,4252.511842616817,23782.873785483833,766.80855975,32376
341,2022-05-08,0.0,6029778.953447544,1790503836.0766969,183500.39146020098,33672393666.047,47921.84343004301,4329.595779870189,22774.872416937746,831.6137428307684,37363
342,2022-05-09,0.0,36059513.6188375,4063445246.3792186,298173.3103950389,88907323031.93622,65815.43968868187,10447.725688808752,42532.69187328928,2333.4087490742354,61740
343,2022-05-10,0.0,35028062.9419325,2646714739.4590497,285497.16473524604,81508631071.86421,51475.47969463504,7700.0,31175.71458689312,1400.4386249415588,51417
344,2022-05-11,0.0,11998091.510459,6071378485.274932,269161.3498753471,72447832266.71901,91432.2919939601,16470.9086643518,61003.76296630349,3864.271663,66403
345,2022-05-12,0.0,14998610.69214571,4272345390.158373,266823.07910601795,71194555543.6163,75120.8023167122,12458.390730593275,53434.43241163195,2545.987374103469,56873
346,2022-05-13,0.0,7999859.954073,1983157022.7734172,154973.5327864205,24016795864.303745,39371.789215275305,3499.8079634323603,19977.13309617713,499.58345205451127,50370
347,2022-05-14,0.0,5972996.257952477,1327134828.513691,108823.79483355822,11842618321.976372,21176.557021121604,1005.8476130100013,6369.446723345126,198.1100441875363,62670
348,2022-05-15,0.0,13153120.948264943,1316197260.5707781,146861.94445847647,21568430730.124626,28274.306901479627,2047.115204,10231.811727411994,351.9366511829116,46551
349,2022-05-16,0.0,20505248.941244923,1882743762.200815,228143.93851771543,52049656682.375114,44485.12067199431,2674.720622367544,15028.644161456139,495.2297364897423,42323
350,2022-05-17,0.0,5369003.911103,1247496773.3206515,151047.96080692092,22815486463.929123,36798.2293537256,3289.70172340196,16602.615932841436,523.078509976028,33901
351,2022-05-18,0.0,18162471.86133712,1625929008.9985216,218084.5940810481,47560890175.495514,41819.1617540772,3347.392495493327,17718.326121819795,562.1542127933885,38880
352,2022-05-19,0.0,12794420.706626328,1545092572.2850137,211977.89920353415,44934629750.74369,42841.88471606859,2889.670016939886,15977.60520290207,499.3624126494096,36065
353,2022-05-20,0.0,6395894.5878385,1228211022.7368128,169068.37811352595,28584116477.938175,42866.50225941689,3098.7567082454784,18357.25712821872,498.18837453383213,28652
354,2022-05-21,0.0,7604797.5526605,575185456.8672527,134768.08233363947,18162436015.886627,23034.137874624674,1484.894595,6979.848866961127,298.95884084640863,24971
355,2022-05-22,0.0,13942824.332243351,907312971.4432688,182135.74349113434,33173429057.068283,30368.2756449198,2108.3689475,10608.782499,403.384619,29877
356,2022-05-23,0.0,3305000.771838415,1240667892.5772357,145466.90988325415,21160621870.982784,35183.27687880315,2499.459219304192,13269.284688874875,499.4762843907789,35263
357,2022-05-24,0.0,6009943.038302421,1084956555.8318496,143810.35710626328,20681418811.030968,34717.49882665673,2493.7215307701954,12814.513515587685,502.27004723524124,31251
358,2022-05-25,0.0,11757641.801939735,1324585321.028202,229560.00102071048,52697794068.6286,52648.56794897262,2805.3248613960777,15842.829415096465,510.24583885700065,25159
359,2022-05-26,0.0,7433425.506610072,2486346954.6723905,211893.1531158243,44898708337.366165,59028.67820499016,4988.908435872979,26260.471662735614,939.7251975162544,42121
360,2022-05-27,0.0,11326775.112831376,1457028639.4110415,201958.74829966947,40787336014.76925,45042.309861847454,2911.605971677308,15764.130034897622,503.2182838632136,32348
361,2022-05-28,0.0,7898992.0672730915,813370321.1548734,162161.95811286807,26296500658.99958,29984.89718922338,1208.099921355112,7710.192808448051,248.50763375061717,27126
362,2022-05-29,0.0,16714510.939284451,955194528.2288634,219194.2966945385,48046139703.41337,36341.29235386027,1996.7784701311678,11017.32187335487,395.4612748674816,26284
363,2022-05-30,0.0,12940284.366139593,1374415875.9484727,233232.71740217478,54397500466.80272,44792.591446632534,3106.8124931490215,15211.255202165321,657.4812696911112,30684
364,2022-05-31,0.0,12358608.534243183,1088680781.4903517,181189.6893022259,32829703509.43715,39951.58831157254,3001.2950158526382,14634.33039542755,613.6439085631037,27250
365,2022-06-01,0.0,14497147.47606295,2964864728.353947,228469.10633400056,52198132549.056854,54188.41116266307,4038.7207663111367,23200.5692021094,850.375376528625,54714
366,2022-06-02,0.0,4685141.817045223,864741250.4013991,143110.44861133903,20480600501.73871,39008.5370985835,2606.334579264479,14766.80666855396,601.5163699595822,22168
367,2022-06-03,0.0,9583190.31848008,904172931.7066121,149187.7923835233,22256997396.269257,32826.493309127654,1894.5496509519694,10678.577946405465,440.5556930607103,27544
368,2022-06-04,0.0,6427887.399407944,674042144.5333307,161338.12082669558,26029989231.889423,27559.16855561905,1280.9793120560832,5617.328193661151,300.3437740914047,24458
369,2022-06-05,0.0,16070333.65484231,831074242.0793991,205014.7340006006,42031041157.33702,29342.733540917245,1335.043079133837,6685.966808224322,358.9739746208327,28323
370,2022-06-06,0.0,3500832.3589142496,1241007632.0227754,145565.1618349372,21189216340.03146,36599.25775695338,2230.465386622063,11408.48931978481,536.1854017055344,33908
371,2022-06-07,0.0,8804924.94703059,1501975908.1633608,193801.24724126142,37558923432.26854,49722.77644795448,3051.2442514183253,19081.46427331751,637.7235561310514,30207
372,2022-06-08,0.0,4983223.38599741,970849608.8555918,166388.03855984757,27684979375.79332,42480.51145775758,2679.0332973639497,13414.816990292127,611.4939896524874,22854
373,2022-06-09,0.0,5144465.175268977,814700080.9458635,127208.94826604551,16182116518.953442,27611.336031514387,1243.8723882629279,7080.60374687372,358.6940209348721,29506
374,2022-06-10,0.0,8112108.7841876,1288149545.511468,179185.31051196286,32107375503.268543,42697.78731517345,2512.4018953940927,16038.48708404284,500.0,30169
375,2022-06-11,0.0,5200113.374571993,1920916856.4515815,144657.94065095077,20925919793.373997,40265.72876475876,3995.8171151972074,19924.75439099456,776.8482592488784,47706
376,2022-06-12,0.0,18189631.789706,2764019480.580627,248945.62763187062,61973925517.025986,52872.57265299514,4606.188069520227,21601.437484533813,914.62703,52277
377,2022-06-13,0.0,8105787.951983,3829846227.408377,183686.1655635173,33740607419.42789,57035.89425460739,8078.967376439436,36876.11479995866,1658.7630121809111,67148
378,2022-06-14,0.0,7204390.293161,2073932348.798654,144243.72902833976,20806253364.001106,39832.757438609726,4775.391849093301,21353.87392099396,998.1343838084915,52066
379,2022-06-15,0.0,10491946.1748115,3190053717.8090587,199897.46095847583,39958994897.64536,53133.910486842644,5929.092627146887,28113.106388492764,1214.0838291199273,60038
380,2022-06-16,0.0,13789690.3466135,1592998120.11461,157295.6401078726,24741918396.945385,34197.71843447276,3630.596357872252,16511.682675857985,692.4122765,46582
381,2022-06-17,0.0,16758590.686291087,1271909917.8198707,214984.99655756506,46218548744.85626,38145.09110544238,2967.8004325,15296.565675517433,514.2611978099097,33344
382,2022-06-18,0.0,5251972.574774431,2150200351.388665,136605.84669000233,18661157349.89242,38890.90492310565,4141.865592819075,21703.119609099875,899.1822626055441,55288
383,2022-06-19,0.0,12203372.1477011,1764740000.0495377,166098.83201007586,27588821995.111404,35751.70681407463,3364.3675366822604,15471.982087958026,685.6944735991656,49361
384,2022-06-20,0.0,5995139.237402,1575066939.0730917,136741.92656172332,18698354479.811733,34078.34308559449,3338.658707821533,14406.820351896804,689.7891829243138,46219
385,2022-06-21,0.0,11354385.0223255,1269964773.4155684,167836.3264611361,28169032479.96906,32851.27977173078,3219.6656271138027,12481.714349174224,698.8481046909857,38658
386,2022-06-22,0.0,3712460.1067476366,1049768016.0583483,116593.66837521023,13594083505.188498,29119.778531438234,2773.337274132528,11537.672767923093,528.2140643746309,36050
387,2022-06-23,0.0,4997134.329562,1199952001.0438976,167302.75022847118,27990210234.010216,38926.62041925315,2556.599772194415,12849.157900125756,524.9113014275785,30826
388,2022-06-24,0.0,7110071.168688154,1055756688.8039763,148778.15964479712,22134940787.292736,31940.36088836378,3018.26567475319,12547.758262661962,611.3428706672386,33054
389,2022-06-25,0.0,4200709.6986325,619545556.4232774,95813.69498322353,9180264146.338194,22546.146381719762,2304.877894,10005.421620524208,500.02567887824705,27479
390,2022-06-26,0.0,3823558.903009,724825883.736211,114224.34543183963,13047201089.332222,26110.442497702123,2352.812649949139,10891.025834106153,531.1197347179151,27760
391,2022-06-27,0.0,7778788.462002,738914577.1081498,127829.14695066473,16340290810.134636,27408.827371495594,2821.9488,12013.634715663882,612.0089053675911,26959
392,2022-06-28,0.0,3090456.699382047,934628582.6162819,105915.2921247536,11218049105.871891,29402.855966787738,2813.247908036449,12796.678801033911,608.5083414510432,31787
393,2022-06-29,0.0,11374117.379334938,1061961196.1739869,170357.09974590916,29021541433.837646,33401.308302635305,2864.388595350225,13191.77999469059,635.6795777499999,31794
394,2022-06-30,0.0,6995150.0575645,1484361427.494183,144053.0411342981,20751278660.039783,35974.05427497899,3114.692984276935,15367.226175,672.5721681070099,41262
395,2022-07-01,0.0,4862519.1270045,2065442563.6023033,130214.36267786,16955780247.601261,30437.716460878648,2270.154638587945,10725.15297695472,419.24778896165645,67858
396,2022-07-02,0.0,5547277.494930456,636087962.2383753,137137.86263636092,18806793368.469395,21185.983287982126,1177.1486039685133,6459.62611920276,204.6395996394476,30024
397,2022-07-03,0.0,14914019.9625185,507999937.76280135,143799.97172931524,20678431869.351864,16912.472542624142,1060.6644400957314,5172.765037596263,210.039242,30037
398,2022-07-04,0.0,9305169.815421,1030035879.2891271,134455.69301187433,18078333383.303394,29308.17696085153,2102.375523993172,10807.954323501475,405.14055587899526,35145
399,2022-07-05,0.0,14214396.370639,1236980493.2133658,176274.78804714073,31072800901.064384,35128.51768418953,2994.3179925291174,13834.421125336155,560.0964251232167,35213
400,2022-07-06,0.0,14371933.1411695,1023644269.5715803,167849.71271234518,28173526057.61681,32529.68951225309,2157.5865849472675,11342.200826770633,390.6317187621469,31468
401,2022-07-07,0.0,14987455.5813335,1026373457.1016799,176526.18462547628,31161493858.427742,28125.985342038803,1736.0047980269712,9938.344426200538,354.71615241950576,36492
402,2022-07-08,0.0,7356227.7271966785,1118396821.8275445,142313.81284492215,20253221326.45953,32751.45899694109,2003.9798079404518,10098.25903170672,383.7504021469009,34148
403,2022-07-09,0.0,2149331.4555841656,504076932.3738761,74817.99791995711,5597732812.750707,17159.48163037432,1199.318369962335,5583.484433493,229.7346554718379,29376
404,2022-07-10,0.0,29986282.8707825,738908748.7171177,295834.5366394599,87518073068.68394,23010.362129955083,1208.0723764999998,6344.418273470047,250.00770471944048,32112
405,2022-07-11,0.0,15227256.4946575,873728300.9391634,192974.48584058636,37239152185.43867,26054.997940572655,1663.3642783929438,8132.327457117366,382.8285569325173,33534
406,2022-07-12,0.0,5575116.173539338,797257622.3531473,124040.2361274867,15385980178.562658,24157.857776896773,1744.309622099508,8822.62082817181,361.3826681335995,33002
407,2022-07-13,0.0,5975430.5803475,1187781048.1048934,140296.67857758992,19683158019.90358,30865.084533557503,2727.955909521285,11781.668119252448,520.4596719253958,38483
408,2022-07-14,0.0,6376919.635805,1004219650.9790103,119974.83877095698,14393961938.117123,28643.70492538322,2411.2379209810647,11978.652504435273,471.585087,35059
409,2022-07-15,0.0,6131251.302521,1196205838.220934,151102.78063137978,22832050314.534878,33108.381904814116,2558.7905268043414,12195.020157394098,499.2499853029141,36130
410,2022-07-16,0.0,14380575.5995145,1273471586.7835743,177474.81994787595,31497311715.530983,31188.07765437829,2700.22145965858,13174.43760462055,499.637291829441,40832
411,2022-07-17,0.0,10912976.3926925,1296026500.0689511,140957.69031480636,19869070458.884853,33960.28876317247,3266.95654397747,15140.920990810182,591.3911782192279,38163
412,2022-07-18,0.0,8722359.70616587,1814492740.0081549,126005.64647860306,15877422944.49069,35208.94033197157,4257.834936568489,17773.36302423951,814.1010824601926,51535
413,2022-07-19,0.0,6998992.7688445,1556280693.9229083,163173.58306759785,26625618211.118256,37044.60007909615,3178.260876565838,15449.906352647024,662.9893678374258,42011
414,2022-07-20,0.0,6993985.004223,1655887095.783254,157563.9696730959,24826404539.144287,35810.70708873819,3085.7260442808656,13254.092292009653,636.5389866097003,46240
415,2022-07-21,0.0,6925318.410405,1142307810.2775743,152602.79910452466,23287614294.53591,30263.01622099227,2240.07005783519,10391.634161611375,451.28558544759,37746
416,2022-07-22,0.0,11036425.581841713,1095768398.7877228,133931.48257292958,17937642024.182938,27260.63286863675,1944.5880960479171,9600.673758751309,372.02275464199175,40196
417,2022-07-23,0.0,6289296.959535,887908507.4633765,112899.00632179546,12746185628.448812,25296.53867417027,1626.3096479865258,8083.065239936701,292.5,35100
418,2022-07-24,0.0,8370555.676307472,1167460320.5910263,156503.11111961558,24493223790.11874,29729.820484123007,2010.06202,9791.94212631874,379.7748953321207,39269
419,2022-07-25,0.0,34980752.0330474,1240411283.4030225,308441.0896980271,95135905814.1064,35760.12002776321,2791.5186918863783,13823.572740473457,509.07237181053745,34687
420,2022-07-26,0.0,7555054.01141,1144325402.092132,155809.41994500026,24276575343.597443,30152.707493666363,2080.385140610726,11140.677636286835,400.0952860768605,37951
421,2022-07-27,0.0,9747202.9508655,1559696448.6450202,203275.5876993592,41320964554.51987,34409.87598219649,2790.656119581408,12736.44178630247,540.417824953551,45327
422,2022-07-28,0.0,10799032.325892478,1724745941.748982,184355.06497829893,33986789983.15282,33174.57091265593,2959.9706094656012,12176.507297056984,647.9536121006079,51990
423,2022-07-29,0.0,10048313.7001295,1385050610.6922095,133812.68906543835,17905835754.92368,29373.541676928497,2209.233514294828,9822.077685310198,494.22644167060673,47153
424,2022-07-30,0.0,10654188.87098,846628111.6680739,134328.59914280922,18044172547.669525,19588.804064508884,1370.488329031307,5489.004651134099,259.7709145689525,43220
425,2022-07-31,0.0,36735398.63592787,862164932.8110515,281869.5271952293,79450430361.26212,20203.04470558996,1420.12,5714.5076450880415,282.2930515717341,42675
426,2022-08-01,0.0,11740173.969263,2507577998.9739256,199314.56309033532,39726295059.89126,30393.41121610983,2071.722797467143,8691.973443249832,443.608441524698,82504
427,2022-08-02,0.0,8794287.508146947,1376616699.2177815,189997.43884222553,36099026766.605225,31532.55375352822,2217.7284386880124,10003.688429545342,451.6610417439733,43657
428,2022-08-03,0.0,12027426.560516832,977851925.3727121,175301.78835097945,30730716999.05159,23789.702349472365,1981.0987514267422,8326.831425296454,406.0852822797652,41104
429,2022-08-04,0.0,10175372.814134847,911604577.2024597,135287.431977802,18302689251.148407,22598.031165157652,1811.869165,7695.733719205658,382.46095388702344,40340
430,2022-08-05,0.0,9864328.0799055,1062783662.6145759,169836.03210437045,28844277800.956745,26133.810278962694,1754.2202194541087,8965.277075933525,307.69347479953575,40667
431,2022-08-06,0.0,8576072.7715685,528611937.3581851,116391.90319103989,13547075128.432404,16090.707943448957,998.7060187369633,4368.980315693528,198.64713143690864,32852
432,2022-08-07,0.0,29724049.6238575,672445805.9791533,261561.3622045898,68414346198.32061,20529.562081488424,1084.787018,4981.927682671092,225.87635278668859,32755
433,2022-08-08,0.0,9901326.306497892,1100346414.659234,180727.16792391898,32662309225.800407,25470.981820815603,1802.1222387260227,8539.813974729099,388.1700699232496,43200
434,2022-08-09,0.0,29736260.3252735,1235000088.5669303,260746.8744705518,67988932546.1617,29102.65078157532,1797.1451778368778,9284.066748818852,376.433467110285,42436
435,2022-08-10,0.0,33358265.58937712,1878204444.4267359,303137.12540074874,91892116796.22928,40654.65582429784,2922.255374169351,15212.352693385968,579.9467401437831,46199
436,2022-08-11,0.0,10250984.559293794,1355833333.194539,221523.275935554,49072561781.219604,33305.49345831485,1999.1432257623496,10647.184417098588,406.2865675216767,40709
437,2022-08-12,0.0,6526077.230891116,982474804.6985722,132275.2352185266,17496737852.11654,23469.93155200717,1654.183265,8007.549253862559,324.35816925105144,41861
438,2022-08-13,0.0,22664300.78041,903805364.334225,274000.29041085247,75076159145.2315,21492.565498293185,989.770975026399,4993.5069400284965,190.76806416089994,42052
439,2022-08-14,0.0,11941292.942539724,1074984384.2005975,131710.02626291956,17347531018.17896,20869.025726555446,1514.7543539387104,7287.4508611854035,267.60203671372904,51511
440,2022-08-15,0.0,16801456.5417435,1268085836.2763035,220224.2209664141,48498707500.26399,28394.219352357894,1799.0860520899198,8924.042672354208,311.99261045505426,44660
441,2022-08-16,0.0,23117985.012574,1012351988.0072286,243114.35023409122,59104587289.74438,24181.92212897068,1330.5424835181693,7029.374534515476,249.82240784130923,41864
442,2022-08-17,0.0,14444487.759387275,1286206639.765226,214061.48656577425,45822320030.74915,28426.34074668433,1677.0138978786206,8266.318440250001,318.9332060089152,45247
443,2022-08-18,0.0,7367096.4295345,1059869004.6240945,142012.41858671836,20167527032.84931,25239.18283104552,1638.664194969964,8195.220833156509,312.2137303999976,41993
444,2022-08-19,0.0,8604600.097750269,1673086477.545854,213103.0925159074,45412928039.84339,31014.671935227623,2008.910926,11991.918495004724,393.134476,53945
445,2022-08-20,0.0,7336760.479248789,1282642262.0966852,182213.8838656632,33201899473.409397,29006.586808762866,1422.7164228037122,8795.770506221877,241.6797707346704,44219
446,2022-08-21,0.0,11998847.854456,1066717477.6384228,139532.54690335458,19469331645.336845,22720.28706365118,1594.4305228588894,7878.866291421813,271.55105352326916,46950
447,2022-08-22,0.0,4999376.3352235,1153813227.4302168,122619.11906537473,15035448360.368544,26218.26093960682,1808.668304301434,10613.027138583573,379.616753,44008
448,2022-08-23,0.0,7728837.657929903,1526269646.3934095,184921.23341657236,34195862568.306435,36464.775573237035,1656.1092594117363,10008.526382739137,304.5981110836656,41856
449,2022-08-24,0.0,5063837.743525667,951052878.0711851,125861.2286103403,15841048867.304344,22323.08886656617,1304.0,6778.869122680397,264.0462274767018,42604
450,2022-08-25,0.0,5989848.1228475,731017875.1512074,109454.52849247203,11980293807.509373,17780.266457926922,1191.882462577058,6140.121721923244,250.40853094806772,41114
451,2022-08-26,0.0,7599941.0792305,1479498425.785865,138297.0779523269,19126081770.15198,24191.41282883458,1647.214627322754,8952.368417978469,319.94962936904176,61158
452,2022-08-27,0.0,6814666.636984631,844156101.9723749,124332.09277308985,15458469293.336222,19071.80204175986,1007.55644033415,4999.693603375,190.8821583398662,44262
453,2022-08-28,0.0,25735053.47215996,949494106.3276362,228015.10325182203,51990887310.939064,21971.909712769848,1174.030784970109,5417.075163770514,240.026218,43214
454,2022-08-29,0.0,6633988.432838639,1123637523.7322376,146156.6955123501,21361779643.08982,23674.965207902016,1629.0,9293.26564841859,300.30939944341765,47461
455,2022-08-30,0.0,6619476.181076,1445639216.949827,170773.48686812236,29163583817.09676,30889.726857902286,2067.83465791618,11246.1541712373,422.4365094580764,46800
456,2022-08-31,0.0,7163465.229377,1241057400.860213,134298.28934029053,18036030519.728397,30245.348886511176,1779.9671686981048,12258.806083134556,300.04243769879656,41033
457,2022-09-01,0.0,6639473.908035,2228929125.1733966,132319.63385858646,17508485504.47038,26600.104126469636,1517.6397080890183,9575.075722,297.0814357723153,83794
458,2022-09-02,0.0,8020192.1060315,1037774566.3058438,145595.95647145127,21198182540.836735,25256.13449271949,1692.5609844189162,9513.91622997094,299.7426007464844,41090
459,2022-09-03,0.0,20141460.063281,614953935.4124916,221514.126358625,49068508176.42489,17670.074576532716,753.251218817338,3960.079630917849,138.08975587331315,34802
460,2022-09-04,0.0,7987904.793741406,535540953.6827697,114188.74001331315,13039068345.828022,15535.084085596545,970.8649745572573,4855.666953,173.25815764859485,34473
461,2022-09-05,0.0,12467145.306294758,1023045768.3685528,185718.4909529811,34491357881.85253,23007.888639796533,1305.510527,6291.830718599146,259.8199354542463,44465
462,2022-09-06,0.0,8364784.846041758,1385192647.6627393,169907.80993160358,28868663875.75393,27172.89459290934,1899.4916243499024,9498.4410935822,370.2905259860384,50977
463,2022-09-07,0.0,7787796.269369,998232875.5499398,156214.1083336328,24402847642.471962,24111.905206520285,1440.6804068123301,7849.619589248118,306.1721484821427,41400
464,2022-09-08,0.0,7088554.521739,1103023417.8216794,133345.71311017525,17781079204.86116,25044.238989661906,1628.269968708981,8866.235712784066,343.20047171987324,44043
465,2022-09-09,0.0,9998757.925612,942429912.4165872,141767.79178360774,20098106787.200356,24073.51365118492,1697.2642563506406,9019.510765350879,334.8887150841997,39148
466,2022-09-10,0.0,11426936.6441715,709518379.0323249,151328.5477602727,22900329367.23313,19098.745061435395,1028.1409788808937,5480.077704950625,197.02270547555054,37150
467,2022-09-11,0.0,10836730.565566,842912286.2169119,158961.3243265466,25268702631.649536,19477.592342566593,1382.0330612545972,6539.094106386312,299.4452390073311,43276
468,2022-09-12,0.0,47108871.622447565,1059432435.0468208,359445.6140198422,129201149438.10136,25701.27932478156,1699.9507411859877,8603.609839017496,363.6008169696145,41221
469,2022-09-13,0.0,8254871.86315015,1633791735.2972004,181553.27758074657,32961592600.31161,28043.593870426896,1878.8080693704649,10000.817327741965,397.320981,58259
470,2022-09-14,0.0,38304645.19201097,1394046418.9399247,290016.07325179805,84109322744.3923,26730.962377325934,1884.496068,9997.817956797571,399.60660468091834,52151
471,2022-09-15,0.0,8046928.565420801,1089463663.04787,101675.57771625924,10337923103.935074,19950.623773950152,1739.6625257924766,9249.048895674732,309.8573466573762,54608
472,2022-09-16,0.0,10683685.949947756,774000875.3152223,135480.3446119414,18354923776.1704,16200.282046072844,1070.556245,5139.890615,202.19445879103785,47777
473,2022-09-17,0.0,6328557.5738605,428061012.6095708,69276.50436297296,4799234056.753013,9913.179699626475,757.3173311964364,3570.213802,145.9721855884011,43181
474,2022-09-18,0.0,6136624.5851655,728768305.7199605,66086.03793633486,4367364410.12269,12116.05023724352,1088.1503022314737,5349.297468,215.940914,60149
475,2022-09-19,0.0,31086741.137392,839699852.5048546,208259.51996788642,43372027657.25448,15446.732998010606,1229.4916934667576,5989.168193777049,238.4235504647741,54361
476,2022-09-20,0.0,7713412.280955,778725555.6111923,121865.77347680031,14851266745.098806,16225.139193899206,1210.0,6312.790140126601,260.35236762260524,47995
477,2022-09-21,0.0,9422115.573174138,1268126378.0279908,125840.92958533212,15835939558.900518,21237.023395709322,1737.002665140405,9553.917473791538,345.09509476755323,59713
478,2022-09-22,0.0,11357931.70952713,745765060.5086151,95963.16940533504,9208929882.31703,14294.080472823398,1321.3384916915302,6121.584348,315.62604318811333,52173
479,2022-09-23,0.0,12754330.488053702,874131237.3288531,118142.80143144162,13957721530.069046,14941.903479006754,1379.2900256918206,5587.533702452827,305.66240681271114,58502
480,2022-09-24,0.0,8774937.4785785,484755041.4469412,134941.0638964895,18209090725.516464,11347.527831806485,908.241205,3003.5943449057395,187.94548516026242,42719
481,2022-09-25,0.0,1991322.94443177,506522319.1941502,47313.64461770085,2238580967.0100923,10565.975910931606,1009.1798451134016,3913.9155622337025,205.45623046214507,47939
482,2022-09-26,0.0,31777849.27408437,884786237.1474204,216018.7398156457,46664095951.539635,17246.286516332777,1247.8979041843754,5581.544484121009,266.4133714421059,51303
483,2022-09-27,0.0,9233783.465879,875811785.595265,134991.77573971538,18222779517.361607,18181.685397452045,1350.721899,6606.134637289695,277.449702375403,48170
484,2022-09-28,0.0,6719710.996875,947999945.5273883,130790.92041676369,17106264863.464212,20281.110444930542,1496.4636965724692,7784.923950337887,311.1253837683231,46743
485,2022-09-29,0.0,8605307.474093985,842853037.6414833,134254.18464791507,18024186095.476475,19849.58404317939,1328.4116384218182,6756.4203628053065,270.8739207459455,42462
486,2022-09-30,0.0,15076276.6267045,871387556.3271383,176093.07451103217,31008770890.747932,21990.85315652084,1191.8694507153189,5996.666002443208,239.33737173231947,39625
487,2022-10-01,0.0,29857904.386328,1018022341.9402809,324409.4226730364,105241473519.0528,11706.250194796477,733.5503683632601,2346.415103633139,139.69876597024918,86964
488,2022-10-02,0.0,25479809.529612,586564701.8306447,202882.29940002118,41161227409.83983,11612.153343310529,1009.9441871767064,2995.8959269351653,196.44608455985667,50513
489,2022-10-03,0.0,24903291.616268896,693604693.2966831,312438.7187488661,97617952973.43307,17174.38452178188,1164.8983265442353,4333.879975722743,237.1199313985956,40386
490,2022-10-04,0.0,7525744.527092,657370152.8825599,109396.4280564463,11967578471.509232,14162.88167365205,1137.9173702559867,4462.50992926676,250.0,46415
491,2022-10-05,0.0,10952761.048216091,755644166.3109784,132398.47965929034,17529357416.091522,15645.454600831885,1304.6598225229495,4641.947697175226,299.9609499915185,48298
492,2022-10-06,0.0,12991429.096804691,760571960.9139078,209791.29550976734,44012387671.66653,18916.877105753065,1084.1165690177304,4145.177404204676,220.35339220688113,40206
493,2022-10-07,0.0,8240053.8076595,537447019.4364243,116730.07942250595,13625911441.984549,12914.432416292393,1010.697993841771,3043.782150776892,224.47934442256235,41616
494,2022-10-08,0.0,9449192.468874453,212066260.10619035,110465.44240326517,12202613965.349094,8423.350020106067,666.3266279430318,2466.7388826851,133.7715829765199,25176
495,2022-10-09,0.0,6427216.14977684,353606832.96750236,115046.29732565407,13235650528.3428,12903.475148427322,576.5948472128998,2610.165236926906,161.1782315936594,27404
496,2022-10-10,0.0,7731650.4150675,570921927.2400475,145052.38318600084,21040193867.93842,15129.771491719821,791.766949472895,3596.9986931676717,135.12570377062832,37735
497,2022-10-11,0.0,16073730.27021792,485297950.53701866,191420.31371769303,36641736503.78002,14075.582996026993,836.3548538509817,3844.073936078392,142.83880625530352,34478
498,2022-10-12,0.0,8961853.3764635,335897691.51836246,107844.66587811761,11630471958.362823,10633.711900669952,717.8086621230105,3068.667110237085,137.76224695249198,31588
499,2022-10-13,0.0,8440020.121245,1128045530.0640867,147487.23822009162,21752485437.79005,22103.37082520009,1622.400826151816,7932.417344398236,326.70317459465633,51035
500,2022-10-14,0.0,9376389.17887232,630799483.314146,151905.3613237007,23075238798.88406,19602.22135842592,1240.931074103732,5805.376761619887,249.94208553733182,32180
501,2022-10-15,0.0,7785218.074152763,411692165.5870664,181530.18968909088,32953209768.557316,14899.647699578965,824.6352450697929,3361.5425498029895,156.7849537806593,27631
502,2022-10-16,0.0,8165662.250685,355022450.26039004,91603.94931501205,8391283530.107297,10498.963485446991,786.6177153173887,2993.2846899549213,142.86206353495945,33815
503,2022-10-17,0.0,21998354.18189,835681988.7466012,198174.7948816061,39273249326.366646,19547.659440635336,1023.0398350363248,4298.96426701876,226.53210546354194,42751
504,2022-10-18,0.0,7385877.519579,623219514.5309016,119951.50749840551,14388364151.140032,16531.460105862265,1000.8282943035196,4109.896493930815,203.02933538503817,37699
505,2022-10-19,0.0,8847951.940394,592561560.1962883,153563.0773754616,23581618733.02201,15834.577526489455,1014.4232380339593,3770.6552206547804,189.66607643602353,37422
506,2022-10-20,0.0,10156290.376216289,429263372.2995303,102855.62376830044,10579279340.766172,11167.391771365808,691.5853101313438,2993.120448120315,115.7209469813896,38439
507,2022-10-21,0.0,15994844.6033745,623880835.4429591,193499.60767523278,37442098170.469,17324.729539389606,884.6332156079899,3867.1092156068175,131.7160175624947,36011
508,2022-10-22,0.0,5737902.1620055,329759420.3917851,96048.56128199869,9225326124.341858,9832.11844097275,543.928373978613,2441.913638862865,92.43819354119171,33539
509,2022-10-23,0.0,10082082.4816861,594181459.9852816,143066.00935240652,20467883032.02287,15009.130544237687,713.9879295263677,3468.0162053987688,100.44858144327425,39588
510,2022-10-24,0.0,19999318.9183615,686031852.720748,190800.07086411736,36404667041.752205,18413.00801762703,817.3879197254016,3953.436078918131,134.33044903184947,37258
511,2022-10-25,0.0,15266409.656464752,1621556330.4339561,205071.17800409353,42054188047.98662,29665.148191320408,1501.2941275,7937.744948955155,299.770831986823,54662
512,2022-10-26,0.0,7511566.850754043,1452691403.3870022,137428.49946942338,18886592466.417305,27069.12017640596,1643.9906336010167,9886.257166705,300.28199214863685,53666
513,2022-10-27,0.0,12697395.83593915,1213008039.5619857,187962.65283946283,35329958862.448425,24498.284112816287,1194.9835877322753,6704.81103837266,232.35646136600647,49514
514,2022-10-28,0.0,9445289.590533888,1216485871.0237772,148413.59994893393,22026596649.8022,26491.993968156476,1358.7968690119862,7184.9842539273195,234.6644015,45919
515,2022-10-29,0.0,6366539.920194903,1071014872.3262019,102132.23550904,10430993530.07401,19554.415152657464,1343.0501996577166,6406.283816373969,261.110283441141,54771
516,2022-10-30,0.0,10810227.604030885,939841098.2853855,137359.32712384037,18867584747.91419,19765.322782027033,1000.5070917290011,4954.905274662904,184.5697900144545,47550
517,2022-10-31,0.0,12999619.017556,1107108676.3509336,158138.8349861599,25007891130.779907,24928.704067706953,1560.230377421732,7999.293344907288,282.603512377152,44411
518,2022-11-01,0.0,9945368.1986875,1268349490.7693238,84205.22309584497,7090519596.621022,14175.303888968258,989.0969432436091,4692.059182701975,180.24617871776024,89476
519,2022-11-02,0.0,10406972.879513556,1540558269.4871976,177970.97786718313,31673668963.001392,27375.04921258081,1539.0447889933853,7603.855586495215,337.5421525206105,56276
520,2022-11-03,0.0,8310191.8621635,670345680.8618544,92913.45101285983,8632909379.119104,14439.325382053947,1211.8484228570237,4914.107328330263,276.5750947162468,46425
521,2022-11-04,0.0,13108143.561013477,1446462405.3031316,217715.71176713414,47400131150.26983,27542.221815437213,1642.23156443452,7378.996201860954,345.2166652156539,52518
522,2022-11-05,0.0,5900878.409209,481064940.27340686,104049.1742510654,10826230662.328571,12662.936042995705,953.5424043746862,3909.4612144989346,188.15310592522974,37990
523,2022-11-06,0.0,6645052.992531,1019164936.1234324,151616.57000307957,22987584299.498726,21928.371799458495,1173.4089779646106,5076.905358316917,255.80070079676247,46477
524,2022-11-07,0.0,6943861.528195,1602756990.8752704,129100.76758936669,16667008192.163671,26263.080126423883,1978.5964408789348,9016.624689844899,409.5751122378547,61027
525,2022-11-08,0.0,15814698.3656695,3932824747.3762712,227996.5541814865,51982428718.631516,44934.24372030839,3945.506413027815,18991.518793009316,837.4555499380598,87524
526,2022-11-09,0.0,38225273.83752524,5484996324.900428,257306.9837935808,66206883908.95004,49387.68525932314,4670.700581199499,22571.303825169114,1006.9658346262245,111060
527,2022-11-10,0.0,11981035.483937338,4111360768.3834276,221091.67022718786,48881526643.84759,47921.86738292667,4120.631331,21970.335701923217,894.3449282503228,85793
528,2022-11-11,0.0,9725456.308858132,2265004606.425024,159694.7419307331,25502410600.323437,32095.856687332067,2802.555330067971,13131.347418021101,617.891889065192,70570
529,2022-11-12,0.0,6163358.882131806,875274128.5887144,106011.44366755821,11238426188.479868,19602.125964989573,1261.5451014524147,6190.562633817994,250.2344926821391,44652
530,2022-11-13,0.0,10273293.4247685,1423727152.8358526,132182.98210353646,17472340757.78384,21536.382175165676,1649.1166076982072,7765.533024933027,387.4778037544438,66108
531,2022-11-14,0.0,6070178.984384421,1201329722.4393346,124321.13480368853,15455744558.876896,22543.67172285715,1598.8332803237088,7683.201397410737,354.61395091936834,53289
532,2022-11-15,0.0,9807866.861470148,1011932988.138412,124476.5296921642,15494406444.204237,19938.780503988255,1400.1925151643632,6570.541373072032,299.83326351126937,50752
533,2022-11-16,0.0,9511264.454263886,1053693277.1625943,120540.26058793844,14529954422.608105,19098.68005224836,1258.508362886555,6361.851569046687,262.99863400000004,55171
534,2022-11-17,0.0,6047101.881536494,802056872.8118243,97254.21190144974,9458381732.57209,16293.0276639207,1199.351828997157,5453.633979410946,237.9890009890076,49227
535,2022-11-18,0.0,9110909.8796525,477239091.17759776,115779.29688951034,13404845588.229378,12573.813494337974,783.285549,2890.711983610785,149.94792893700026,37955
536,2022-11-19,0.0,8931320.888538,332612705.384602,96993.82871598267,9407802808.985384,9370.6917984111,611.8198330319169,2346.4053594680136,121.7946657299403,35495
537,2022-11-20,0.0,4126609.990324539,1055626559.9640006,105379.83660788751,11104909963.50507,17652.322870253014,1040.0,4913.582939,237.6943582567192,59801
538,2022-11-21,0.0,8734586.246955361,1283490692.8699274,128506.81715935224,16514002056.427187,20674.452616258233,1324.1206614331938,7310.705817381653,299.8058585,62081
539,2022-11-22,0.0,18532153.7158175,1214650738.8199768,153944.44856164276,23698893242.948273,20284.40972629009,1504.6358367959551,7123.980571509974,337.44129368709747,59881
540,2022-11-23,0.0,9824106.921615118,912769789.0278,169763.19475997827,28819542295.114315,20028.30098362663,1119.4998177939372,5682.069901145467,248.6790364723278,45574
541,2022-11-24,0.0,5244923.1644265,582569654.6056402,100017.03922245798,10003408134.826698,15146.235462799059,900.0213705878663,3837.0348457571645,195.1244506528849,38463
542,2022-11-25,0.0,4998363.4642085,684842415.9198155,109009.78783916088,11883133844.738867,18147.77051487441,975.8594560919606,4878.315154256789,199.964831,37737
543,2022-11-26,0.0,3408660.328469,403167621.10614675,71076.59404298941,5051882220.751918,12147.261859178872,869.0225092871132,3781.489209373305,170.46631783256922,33190
544,2022-11-27,0.0,10148275.93150006,466958607.8865434,103583.39545961464,10729519814.942915,11922.854790924126,848.2510976718979,3893.892113191061,165.2655158842655,39165
545,2022-11-28,0.0,13596499.6054472,660062215.9283979,135373.57376296795,18326004473.357727,13780.867610255296,749.969965826237,3821.403058483062,149.936621,47897
546,2022-11-29,0.0,3659495.242345452,777137265.8632061,101297.5830121407,10261200324.101538,16765.992100949392,863.56283268578,4378.996183428206,135.5486171364654,46352
547,2022-11-30,0.0,9887027.618709171,941799979.5200934,143516.29470068496,20596926844.613853,19676.583225808405,842.354582685798,4554.309572543985,140.81615601139038,47864
548,2022-12-01,0.0,9953541.872974586,1257841941.740134,144560.45530334557,20897725237.51057,16437.65115574781,848.7269945010396,4408.734281,143.0206381040175,76522
549,2022-12-02,0.0,6614348.272947271,487710709.26436824,101792.74887438178,10361763723.402954,14203.649394657898,896.2381584402767,4142.267601720994,155.08379774689212,34337
550,2022-12-03,0.0,7219721.55657516,379124137.40070206,112343.068045229,12620964937.814953,12492.969235861932,642.7907975312351,3012.625874768493,117.26455237362595,30347
551,2022-12-04,0.0,5000860.027484,456914312.0791223,95719.03186785859,9162133061.720129,13999.887001842151,755.064639341048,3773.785702,135.70935049544565,32637
552,2022-12-05,0.0,8055138.653379288,503446646.76471823,98573.54907041418,9716744576.337353,12654.500471664947,807.6519783243955,3306.9602129670757,150.84067853166692,39784
553,2022-12-06,0.0,19863010.695353508,717452155.786263,190726.20909557564,36376486835.969246,20453.05193529457,976.7065119772321,4461.181666887654,199.32657537722855,35078
554,2022-12-07,0.0,6378305.810485,431154081.18277615,99774.7570050936,9955002135.425476,12954.183252194098,870.2819955385866,3784.0922942863735,179.87150967661597,33283
555,2022-12-08,0.0,15308806.091241,604600691.7504426,168302.19582710537,28325629120.225327,16940.813464945575,848.69682,3723.4072734623865,175.981902,35689
556,2022-12-09,0.0,8398974.098572,425424413.4983675,109053.16438112836,11892592661.537401,16920.866020935784,966.6103876140903,4341.13632281217,199.9485451541832,25142
557,2022-12-10,0.0,6426290.92955,292430552.76595235,89697.55216588115,8045650864.550971,10672.647911166145,797.5058166587819,3177.9893168163962,163.7886206032319,27400
558,2022-12-11,0.0,5082174.317650612,405877015.28341615,89976.70109111481,8095806739.2398205,12954.48646016457,860.4284321604983,3797.41143060637,176.77034193470374,31331
559,2022-12-12,0.0,8569428.633566,662168959.2433082,147486.83209067516,21752365640.143005,17317.49246131517,884.9869745,4314.1855275,190.43547813087648,38237
560,2022-12-13,0.0,14350954.764328,1236302953.3787186,205838.0917150493,42369320000.89304,28132.320424582867,1342.4578772206278,8198.972821517054,282.5330429352966,43946
561,2022-12-14,0.0,8318206.938302185,890304060.3176702,160791.79085220757,25854000005.460068,21645.046686707923,999.9566009593881,5082.121537018449,199.95761111172607,41132
562,2022-12-15,0.0,7934297.6878455,595429038.2417098,132576.72062635593,17576586852.038834,17460.23805764207,771.4910452787548,3454.389674402514,150.03853106611433,34102
563,2022-12-16,0.0,7560344.861555792,1318126043.0852828,147921.4189548423,21880746185.61397,23544.27155640409,1174.0124032246342,6218.063568728595,211.7001634018057,55985
564,2022-12-17,0.0,10363632.206013327,491781184.5924975,175821.38358957134,30913158927.351185,14243.380096518595,639.9443071146025,2999.9436394265185,112.99695376809974,34527
565,2022-12-18,0.0,15329239.16233,388673491.36613667,155065.1904056932,24045213275.553886,13289.345620615333,755.8550168821536,4239.9893264203065,119.11697432815683,29247
566,2022-12-19,0.0,9998049.196812,622666462.7559295,113736.30203635296,12935946400.904509,16034.880066850264,1001.8240512314712,4999.358961423864,210.55697628536598,38832
567,2022-12-20,0.0,15317858.452012,514769509.7022419,167885.2119758496,28185444400.17596,15035.473601724505,727.2324803863341,3161.0156062491765,146.42169661761403,34237
568,2022-12-21,0.0,9998335.1949275,316715730.8672628,100507.93460877579,10101844919.321949,10808.30395752185,605.0487662684818,2443.6238686683464,122.62608471706915,29303
569,2022-12-22,0.0,8236301.192470963,489909041.9183098,138619.37543777842,19215331246.75977,15874.183199997078,807.4613279260939,3910.0886500183115,169.32930375878226,30862
570,2022-12-23,0.0,14998306.8927275,400902811.50379,184929.89903034118,34199067555.37218,14060.351822108863,569.71909,2431.233347,121.86911239210195,28513
571,2022-12-24,0.0,5825078.6823115,170552186.41230023,95400.75451468381,9101303961.970964,8063.933163702139,468.9448606208898,1815.9121877170649,99.02521064760504,21150
572,2022-12-25,0.0,12999332.12761,356536158.6856262,160701.6018211507,25825004827.88366,15824.249198243584,575.3223154753545,2477.9533776517956,119.06863588063922,22531
573,2022-12-26,0.0,14818704.659899,325213426.6818945,159548.2673300764,25455649608.029526,12062.365145280015,526.1893405,2150.7383598512934,115.16733903953748,26961
574,2022-12-27,0.0,10128895.509635886,535208838.6603559,143053.3031437194,20464247540.328876,15722.015118393629,847.1076850645723,3336.8819274219595,180.32079243191464,34042
575,2022-12-28,0.0,8722931.484301817,471989617.58269984,122220.09338037236,14937751225.906939,13202.137494970766,772.4858027348296,2873.665243986092,170.9133523488601,35751
576,2022-12-29,0.0,7717882.0786,413730203.4076168,122820.09241156265,15084775099.98479,12077.245625933876,750.9576707679853,3090.9020182617323,152.21005112591908,34257
577,2022-12-30,0.0,2651388.979734287,266373250.28079805,55085.96915622786,3034463997.880887,8697.334060822086,636.6554192154646,2495.374304424093,143.24078945732856,30627
578,2022-12-31,0.0,9701163.345126,304509835.9420848,89292.23088324045,7973102496.10592,10056.467501389854,717.6156697958161,2942.8180516122898,165.33916272986883,30280
